"node","clade","node.type","branch.length","label"
1,"mm10","tip",0.495685915441161,"mm10"
2,"Mus_spretus_10460X4","tip",0.495970341755157,"Mus_spretus_10460X4"
3,"Mus_spicilegus_10460X11","tip",0.496753908733442,"Mus_spicilegus_10460X11"
4,"Mus_macedonicus_10460X12","tip",0.496753908733442,"Mus_macedonicus_10460X12"
5,"Mus_cookii_10460X3","tip",0.495300031152057,"Mus_cookii_10460X3"
6,"Mus_cervicolor_10460X10","tip",0.495300031152057,"Mus_cervicolor_10460X10"
7,"Mus_caroli_10460X9","tip",0.494419728350305,"Mus_caroli_10460X9"
8,"Mus_platythrix_10460X13","tip",0.490771358204291,"Mus_platythrix_10460X13"
9,"Mus_musculoides_LSUMZ37820","tip",0.4954961340295,"Mus_musculoides_LSUMZ37820"
10,"Mus_minutoides_10460X2","tip",0.4954961340295,"Mus_minutoides_10460X2"
11,"Mus_pahari_10460X1","tip",0.489466098332536,"Mus_pahari_10460X1"
12,"Myomyscus_verreauxii_MNHN1999102","tip",0.493511321586469,"Myomyscus_verreauxii_MNHN1999102"
13,"Zelotomys_woosnami_TTU-M115260","tip",0.494787836880523,"Zelotomys_woosnami_TTU-M115260"
14,"Colomys_goslingi_TCD4175","tip",0.494787836880523,"Colomys_goslingi_TCD4175"
15,"Mastomys_natalensis_T4162","tip",0.492572760436459,"Mastomys_natalensis_T4162"
16,"Praomys_jacksoni_REC31","tip",0.495073868101776,"Praomys_jacksoni_REC31"
17,"Praomys_degraaffi_TCD4312","tip",0.495073868101776,"Praomys_degraaffi_TCD4312"
18,"Hylomyscus_stella_LSUMZ37742","tip",0.494388473655973,"Hylomyscus_stella_LSUMZ37742"
19,"Hylomyscus_vulcanorum_TCD4382","tip",0.494388473655973,"Hylomyscus_vulcanorum_TCD4382"
20,"Heimyscus_fumosus_FMNH167810","tip",0.492805297800554,"Heimyscus_fumosus_FMNH167810"
21,"Malacomys_longipes_TCD4253","tip",0.484872317704799,"Malacomys_longipes_TCD4253"
22,"Apodemus_sylvaticus_SMG3823","tip",0.484872317704799,"Apodemus_sylvaticus_SMG3823"
23,"Otomys_tropicalis_LSUMZ37841","tip",0.494356288874748,"Otomys_tropicalis_LSUMZ37841"
24,"Otomys_denti_LSUMZ37840","tip",0.494356288874748,"Otomys_denti_LSUMZ37840"
25,"Lemniscomys_striatus_TCD4711","tip",0.494035786636799,"Lemniscomys_striatus_TCD4711"
26,"Arvicanthus_niloticus_MNHN1999201","tip",0.496084735856845,"Arvicanthus_niloticus_MNHN1999201"
27,"Arvicanthus_neumanni_FMNH158037","tip",0.496084735856845,"Arvicanthus_neumanni_FMNH158037"
28,"Pelomys_minor_FMNH219213","tip",0.495144465695935,"Pelomys_minor_FMNH219213"
29,"Pelomys_isseli_FMNH137886","tip",0.495144465695935,"Pelomys_isseli_FMNH137886"
30,"Mylomys_dybowskii_MNHN1997072","tip",0.493916396795651,"Mylomys_dybowskii_MNHN1997072"
31,"Rhabdomys_pumilio_MNHN1995065","tip",0.492246670122454,"Rhabdomys_pumilio_MNHN1995065"
32,"Dasymys_montanus_FMNH144389","tip",0.497060622344209,"Dasymys_montanus_FMNH144389"
33,"Dasymys_incomtus_LSUMZ37702","tip",0.497060622344209,"Dasymys_incomtus_LSUMZ37702"
34,"Grammomys_dryas_LSUMZ37716","tip",0.49138348365514,"Grammomys_dryas_LSUMZ37716"
35,"Thamnomys_venustus_LSUMZ37935","tip",0.49276614414047,"Thamnomys_venustus_LSUMZ37935"
36,"Thamnomys_kempi_TCD4437","tip",0.49276614414047,"Thamnomys_kempi_TCD4437"
37,"Thallomys_paedulcus_FMNH158089","tip",0.490618362583141,"Thallomys_paedulcus_FMNH158089"
38,"Aethomys_nyikae_FMNH196708","tip",0.492540412884477,"Aethomys_nyikae_FMNH196708"
39,"Aethomys_hindei_MVZ196257","tip",0.492540412884477,"Aethomys_hindei_MVZ196257"
40,"Micaelemys_namaquensis_MNHN1987009","tip",0.490149790073569,"Micaelemys_namaquensis_MNHN1987009"
41,"Hybomys_planifrons_R24117","tip",0.490037661321291,"Hybomys_planifrons_R24117"
42,"Stochomys_longicaudatus_MNHN1999459","tip",0.493295057206309,"Stochomys_longicaudatus_MNHN1999459"
43,"Dephomys_defua_MNHNR24062","tip",0.493295057206309,"Dephomys_defua_MNHNR24062"
44,"Hybomys_univittatus_TCD4026","tip",0.49720980145154,"Hybomys_univittatus_TCD4026"
45,"Hybomys_lunaris_LSUMZ37734","tip",0.49720980145154,"Hybomys_lunaris_LSUMZ37734"
46,"Oenomys_hypoxanthus_LSUMZ37838","tip",0.489476319161041,"Oenomys_hypoxanthus_LSUMZ37838"
47,"Zyzomys_pedunculatus_Z34925","tip",0.985264190704329,"Zyzomys_pedunculatus_Z34925"
48,"Zyzomys_woodwardi_WAMM21724","tip",0.985264190704329,"Zyzomys_woodwardi_WAMM21724"
49,"Zyzomys_palatalis_ABTC30744","tip",0.96353700219265,"Zyzomys_palatalis_ABTC30744"
50,"Zyzomys_argurus_ABTC61630","tip",0.96353700219265,"Zyzomys_argurus_ABTC61630"
51,"Zyzomys_maini_ABTC07900","tip",0.979768373600535,"Zyzomys_maini_ABTC07900"
52,"Pseudomys_oralis_RAT7","tip",0.995484635868976,"Pseudomys_oralis_RAT7"
53,"Pseudomys_shortridgei_Z25113","tip",0.949973856209106,"Pseudomys_shortridgei_Z25113"
54,"Pseudomys_desertor_ABTC41464","tip",0.949973856209106,"Pseudomys_desertor_ABTC41464"
55,"Pseudomys_higginsi_UC1421","tip",0.981410187846067,"Pseudomys_higginsi_UC1421"
56,"Pseudomys_bolami_ABTC107389","tip",0.952943287523721,"Pseudomys_bolami_ABTC107389"
57,"Pseudomys_novaehollandiae_ABTC08140","tip",0.952943287523721,"Pseudomys_novaehollandiae_ABTC08140"
58,"Pseudomys_delicatulus_U1509","tip",0.955211596699681,"Pseudomys_delicatulus_U1509"
59,"Pseudomys_hermannsburgensis_ABTC08067","tip",0.96304907957916,"Pseudomys_hermannsburgensis_ABTC08067"
60,"Mastacomys_fuscus_M13957","tip",0.986977644422757,"Mastacomys_fuscus_M13957"
61,"Pseudomys_australis_M25541","tip",0.99348267047022,"Pseudomys_australis_M25541"
62,"Pseudomys_nanus_U1448","tip",0.953025633371285,"Pseudomys_nanus_U1448"
63,"Pseudomys_gracilicaudatus_ABTC08163","tip",0.953025633371285,"Pseudomys_gracilicaudatus_ABTC08163"
64,"Pseudomys_fumeus_ABTC08168","tip",1.0018147938195,"Pseudomys_fumeus_ABTC08168"
65,"Pseudomys_apodemoides_M16672","tip",0.955290588744395,"Pseudomys_apodemoides_M16672"
66,"Pseudomys_albocinereus_WAMM18855","tip",0.955290588744395,"Pseudomys_albocinereus_WAMM18855"
67,"Pseudomys_occidentalis_ABTC08043","tip",1.02189346549916,"Pseudomys_occidentalis_ABTC08043"
68,"Notomys_alexis_U1308","tip",0.95305109281788,"Notomys_alexis_U1308"
69,"Notomys_aquilo_M-32455","tip",0.95305109281788,"Notomys_aquilo_M-32455"
70,"Notomys_fuscus_M22830","tip",0.956838961492328,"Notomys_fuscus_M22830"
71,"Notomys_mitchellii_M21518","tip",0.959878890786883,"Notomys_mitchellii_M21518"
72,"Notomys_cervinus_M22857","tip",1.0005488553024,"Notomys_cervinus_M22857"
73,"Pseudomys_patrius_JM10865","tip",0.95914003730989,"Pseudomys_patrius_JM10865"
74,"Pseudomys_johnsoni_ABTC08053","tip",0.95914003730989,"Pseudomys_johnsoni_ABTC08053"
75,"Pseudomys_chapmani_WAMM29440","tip",0.97428345567171,"Pseudomys_chapmani_WAMM29440"
76,"Pseudomys_calabyi_U4324","tip",0.978340019833357,"Pseudomys_calabyi_U4324"
77,"Leggadina_lakedownensis_WAMM21623","tip",0.950586256637246,"Leggadina_lakedownensis_WAMM21623"
78,"Leggadina_forresti_WAMM62323","tip",0.950586256637246,"Leggadina_forresti_WAMM62323"
79,"Solomys_salebrosus_ABTC64864","tip",0.981315061834745,"Solomys_salebrosus_ABTC64864"
80,"Melomys_rufescens_ABTC44798","tip",0.981315061834745,"Melomys_rufescens_ABTC44798"
81,"Uromys_sp-nov_YS380","tip",0.952314465967784,"Uromys_sp-nov_YS380"
82,"Uromys_caudimaculatus_DT10Uc01","tip",0.952314465967784,"Uromys_caudimaculatus_DT10Uc01"
83,"Mesembriomys_macrurus_ABTC7337","tip",0.965359554726386,"Mesembriomys_macrurus_ABTC7337"
84,"Mesembriomys_gouldii_ABTC7449","tip",0.965359554726386,"Mesembriomys_gouldii_ABTC7449"
85,"Conilurus_penicillatus_M14056","tip",0.988491795160272,"Conilurus_penicillatus_M14056"
86,"Conilurus_albipes_NMV-c7585","tip",0.988491795160272,"Conilurus_albipes_NMV-c7585"
87,"Leporillus_conditor_ABTC13335","tip",0.991139487900719,"Leporillus_conditor_ABTC13335"
88,"Leporillus_apicalis_C90","tip",0.991139487900719,"Leporillus_apicalis_C90"
89,"Paraleptomys_wilhelmina_H126-ABTC133716","tip",1.00757100610599,"Paraleptomys_wilhelmina_H126-ABTC133716"
90,"Leptomys_elegans_ABTC45741","tip",1.0000230756324,"Leptomys_elegans_ABTC45741"
91,"Mirzamys_louiseae_ABTC133754","tip",1.0000230756324,"Mirzamys_louiseae_ABTC133754"
92,"Xeromys_myoides_ABTC30709","tip",1.00995902620235,"Xeromys_myoides_ABTC30709"
93,"Pseudohydromys_pumehanae_ABTC43920","tip",0.98443820408607,"Pseudohydromys_pumehanae_ABTC43920"
94,"Microhydromys_richardsoni_ANWCM35851","tip",0.98443820408607,"Microhydromys_richardsoni_ANWCM35851"
95,"Crossomys_moncktoni_ABTC46614","tip",0.976691276325059,"Crossomys_moncktoni_ABTC46614"
96,"Hydromys_chrysogaster_Z5248","tip",0.948699963326844,"Hydromys_chrysogaster_Z5248"
97,"Parahydromys_asper_ABTC45798","tip",0.948699963326844,"Parahydromys_asper_ABTC45798"
98,"Pogonomelomys_mayeri_AMM21849","tip",0.494112242971069,"Pogonomelomys_mayeri_AMM21849"
99,"Abeomelomys_sevia_KUM161018","tip",0.494112242971069,"Abeomelomys_sevia_KUM161018"
100,"Mallomys_rothschildi_ABTC47402","tip",0.492871346268716,"Mallomys_rothschildi_ABTC47402"
101,"Xenuromys_barbatus_ABTC129204","tip",0.49336100703977,"Xenuromys_barbatus_ABTC129204"
102,"Mammelomys_lanosus_ABTC47208","tip",0.49336100703977,"Mammelomys_lanosus_ABTC47208"
103,"Coccymys_ruemmleri_ABTC49489","tip",0.490804939874438,"Coccymys_ruemmleri_ABTC49489"
104,"Hyomys_goliath_ABTC42697","tip",0.491861543076835,"Hyomys_goliath_ABTC42697"
105,"Pogonomys_macrourus_ABTC43144","tip",0.491861543076835,"Pogonomys_macrourus_ABTC43144"
106,"Chiruromys_vates_ABTC43096","tip",0.491473866907631,"Chiruromys_vates_ABTC43096"
107,"Macruromys_major_ABTC43909","tip",0.491328600553205,"Macruromys_major_ABTC43909"
108,"Lorentzimys_nouhuysi_ABTC-46314","tip",0.491025437099229,"Lorentzimys_nouhuysi_ABTC-46314"
109,"Anisomys_imitator_ABTC45107","tip",0.491025434921262,"Anisomys_imitator_ABTC45107"
110,"Apomys_lubangensis_JAE169","tip",0.49215481150806,"Apomys_lubangensis_JAE169"
111,"Chrotomys_mindorensis_JAE520","tip",0.496987775011899,"Chrotomys_mindorensis_JAE520"
112,"Chrotomys_whiteheadi_KU168311","tip",0.496987775011899,"Chrotomys_whiteheadi_KU168311"
113,"Rhynchomys_isarogensis_JAE2195","tip",0.493562731558452,"Rhynchomys_isarogensis_JAE2195"
114,"Archboldomys_luzonensis_EAR1826","tip",0.493297813161731,"Archboldomys_luzonensis_EAR1826"
115,"Haeromys_minahassae_JAE4996","tip",0.488823700827645,"Haeromys_minahassae_JAE4996"
116,"Chiropodomys_gliroides_Z25153","tip",0.48685572289673,"Chiropodomys_gliroides_Z25153"
117,"rnor6","tip",1.32760915442802,"rnor6"
118,"Rattus_hoffmanni_LSUMZ39187","tip",1.31215017800776,"Rattus_hoffmanni_LSUMZ39187"
119,"Rattus_argentiventer_LSUMZ38199","tip",1.31215017800776,"Rattus_argentiventer_LSUMZ38199"
120,"Rattus_exulans_sample1","tip",1.33045914844528,"Rattus_exulans_sample1"
121,"Tarsomys_apoensis_KU167148","tip",1.3132703793049,"Tarsomys_apoensis_KU167148"
122,"Limnomys_sibuanus_FMNH147948","tip",1.3132703793049,"Limnomys_sibuanus_FMNH147948"
123,"Rattus_xanthurus_LSUMZ39196","tip",1.31224589118147,"Rattus_xanthurus_LSUMZ39196"
124,"Rattus_morotaiensis_ASAM29","tip",1.306630363544,"Rattus_morotaiensis_ASAM29"
125,"Rattus_colletti_RAT25","tip",1.29418910460483,"Rattus_colletti_RAT25"
126,"Rattus_villosissimus_sample1","tip",1.29418910460483,"Rattus_villosissimus_sample1"
127,"Rattus_tunneyi_RAT130","tip",1.30368229278518,"Rattus_tunneyi_RAT130"
128,"Rattus_lutreolus_sample2","tip",1.30424067979351,"Rattus_lutreolus_sample2"
129,"Rattus_leucopus_sample1","tip",1.30399907997273,"Rattus_leucopus_sample1"
130,"Rattus_praetor_sample1","tip",1.30399907997273,"Rattus_praetor_sample1"
131,"Kadarsanomys_sodyi_MZB-Sample","tip",1.33401991995703,"Kadarsanomys_sodyi_MZB-Sample"
132,"Bandicota_indica_ABTC119185","tip",1.30911445285747,"Bandicota_indica_ABTC119185"
133,"Nesokia_indica_ABTC117074","tip",1.30911445285747,"Nesokia_indica_ABTC117074"
134,"Taeromys_celebensis_NMVZ20637","tip",1.31560011602675,"Taeromys_celebensis_NMVZ20637"
135,"Lenomys_meyeri_LSUMZ39079","tip",1.31117653957267,"Lenomys_meyeri_LSUMZ39079"
136,"Eropeplus_canus_NMVZ21733","tip",1.31117653957267,"Eropeplus_canus_NMVZ21733"
137,"Taeromys_punicans_MVZ225815","tip",1.29183507954407,"Taeromys_punicans_MVZ225815"
138,"Taeromys_callitrichus_LSUMZ37153","tip",1.29183507954407,"Taeromys_callitrichus_LSUMZ37153"
139,"Taeromys_taerae_LSUMZ39224","tip",1.30519272003437,"Taeromys_taerae_LSUMZ39224"
140,"Taeromys_hamatus_NMVZ63317","tip",1.30519272003437,"Taeromys_hamatus_NMVZ63317"
141,"Bunomys_chrysocomus_JAE4867","tip",1.30981109775105,"Bunomys_chrysocomus_JAE4867"
142,"Bunomys_torajae_NMVZ21736","tip",1.30981109775105,"Bunomys_torajae_NMVZ21736"
143,"Bunomys_andrewsi_sample1","tip",1.31089757133588,"Bunomys_andrewsi_sample1"
144,"Halmaheramys_bokimekot_33262-WD225","tip",1.32858871377742,"Halmaheramys_bokimekot_33262-WD225"
145,"Papagomys_armandvillei_WAMM32592","tip",1.33280668733024,"Papagomys_armandvillei_WAMM32592"
146,"Bullimus_bagobus_JAE1712","tip",1.33628594716729,"Bullimus_bagobus_JAE1712"
147,"Sundamys_annandalei_YS118","tip",1.31932812697371,"Sundamys_annandalei_YS118"
148,"Sundamys_muelleri_JAE1283","tip",1.31932812697371,"Sundamys_muelleri_JAE1283"
149,"Berylmys_bowersi_ABTC116431","tip",1.29275743030579,"Berylmys_bowersi_ABTC116431"
150,"Berylmys_mackenziei_ABTC116402","tip",1.29275743030579,"Berylmys_mackenziei_ABTC116402"
151,"Saxatilomys_paulinae_ABTC116266","tip",0.4926295126922,"Saxatilomys_paulinae_ABTC116266"
152,"Niviventer_lepturus_JAE4746","tip",0.495050449743249,"Niviventer_lepturus_JAE4746"
153,"Niviventer_bukit_LSUMZ38136","tip",0.497282894024044,"Niviventer_bukit_LSUMZ38136"
154,"Niviventer_rapit_LSUMZ38196","tip",0.497282894024044,"Niviventer_rapit_LSUMZ38196"
155,"Anonymomys_mindorensis_FMNH2222010","tip",0.493708396347386,"Anonymomys_mindorensis_FMNH2222010"
156,"Leopoldomys_sabanus_Z25191","tip",0.493494593816949,"Leopoldomys_sabanus_Z25191"
157,"Margaretamys_parvus_NMVZ21833","tip",0.49554258402661,"Margaretamys_parvus_NMVZ21833"
158,"Margaretamys_christinae_TMar1","tip",0.49554258402661,"Margaretamys_christinae_TMar1"
159,"Paucidentomys_vermidax_Z21914","tip",0.494114491295413,"Paucidentomys_vermidax_Z21914"
160,"Echiothrix_centrosa_Z27993","tip",0.494114491295413,"Echiothrix_centrosa_Z27993"
161,"Tateomys_rhinogradoides_Z21785","tip",0.495169445778923,"Tateomys_rhinogradoides_Z21785"
162,"Tateomys_macrocercus_Z21834","tip",0.495438027707502,"Tateomys_macrocercus_Z21834"
163,"Melasmothrix_naso_Z21808","tip",0.495438027707502,"Melasmothrix_naso_Z21808"
164,"Waiomys_mamasae_Z20624","tip",0.49566909416661,"Waiomys_mamasae_Z20624"
165,"Gracilimus_radix_Z08508","tip",0.49566909416661,"Gracilimus_radix_Z08508"
166,"Sommeromys_macrorhinos_Z21740","tip",0.493158866535119,"Sommeromys_macrorhinos_Z21740"
167,"Hyorhinomys_stuempkei_JAE4661","tip",0.493158864367795,"Hyorhinomys_stuempkei_JAE4661"
168,"Maxomys_surifer_JAE3632","tip",0.491849507911915,"Maxomys_surifer_JAE3632"
169,"Crunomys_melanius_KU168558","tip",0.496160396963122,"Crunomys_melanius_KU168558"
170,"Crunomys_celebensis_Z21894","tip",0.496160396963122,"Crunomys_celebensis_Z21894"
171,"Maxomys_musschenbroekii_sample1","tip",0.493245161098407,"Maxomys_musschenbroekii_sample1"
172,"Phloeomys_cumingi_FMNH198472","tip",0.496018950365031,"Phloeomys_cumingi_FMNH198472"
173,"Phloeomys_pallidus_JEC43","tip",0.496018950365031,"Phloeomys_pallidus_JEC43"
174,"Carpomys_melanurus_FMNH198723","tip",0.493707953480842,"Carpomys_melanurus_FMNH198723"
175,"Musseromys_anacuao_FMNH209523","tip",0.493707953480842,"Musseromys_anacuao_FMNH209523"
176,"Crateromys_heaneyi_KU165014","tip",0.492308360554432,"Crateromys_heaneyi_KU165014"
177,"Batomys_russatus_KU165776","tip",0.492308360554432,"Batomys_russatus_KU165776"
178,"Abeomelomys_sevia_KUM161018;Aethomys_hindei_MVZ196257;Aethomys_nyikae_FMNH196708;Anisomys_imitator_ABTC45107;Anonymomys_mindorensis_FMNH2222010;Apodemus_sylvaticus_SMG3823;Apomys_lubangensis_JAE169;Archboldomys_luzonensis_EAR1826;Arvicanthus_neumanni_FMNH158037;Arvicanthus_niloticus_MNHN1999201;Bandicota_indica_ABTC119185;Batomys_russatus_KU165776;Berylmys_bowersi_ABTC116431;Berylmys_mackenziei_ABTC116402;Bullimus_bagobus_JAE1712;Bunomys_andrewsi_sample1;Bunomys_chrysocomus_JAE4867;Bunomys_torajae_NMVZ21736;Carpomys_melanurus_FMNH198723;Chiropodomys_gliroides_Z25153;Chiruromys_vates_ABTC43096;Chrotomys_mindorensis_JAE520;Chrotomys_whiteheadi_KU168311;Coccymys_ruemmleri_ABTC49489;Colomys_goslingi_TCD4175;Conilurus_albipes_NMV-c7585;Conilurus_penicillatus_M14056;Crateromys_heaneyi_KU165014;Crossomys_moncktoni_ABTC46614;Crunomys_celebensis_Z21894;Crunomys_melanius_KU168558;Dasymys_incomtus_LSUMZ37702;Dasymys_montanus_FMNH144389;Dephomys_defua_MNHNR24062;Echiothrix_centrosa_Z27993;Eropeplus_canus_NMVZ21733;Gracilimus_radix_Z08508;Grammomys_dryas_LSUMZ37716;Haeromys_minahassae_JAE4996;Halmaheramys_bokimekot_33262-WD225;Heimyscus_fumosus_FMNH167810;Hybomys_lunaris_LSUMZ37734;Hybomys_planifrons_R24117;Hybomys_univittatus_TCD4026;Hydromys_chrysogaster_Z5248;Hylomyscus_stella_LSUMZ37742;Hylomyscus_vulcanorum_TCD4382;Hyomys_goliath_ABTC42697;Hyorhinomys_stuempkei_JAE4661;Kadarsanomys_sodyi_MZB-Sample;Leggadina_forresti_WAMM62323;Leggadina_lakedownensis_WAMM21623;Lemniscomys_striatus_TCD4711;Lenomys_meyeri_LSUMZ39079;Leopoldomys_sabanus_Z25191;Leporillus_apicalis_C90;Leporillus_conditor_ABTC13335;Leptomys_elegans_ABTC45741;Limnomys_sibuanus_FMNH147948;Lorentzimys_nouhuysi_ABTC-46314;Macruromys_major_ABTC43909;Malacomys_longipes_TCD4253;Mallomys_rothschildi_ABTC47402;Mammelomys_lanosus_ABTC47208;Margaretamys_christinae_TMar1;Margaretamys_parvus_NMVZ21833;Mastacomys_fuscus_M13957;Mastomys_natalensis_T4162;Maxomys_musschenbroekii_sample1;Maxomys_surifer_JAE3632;Melasmothrix_naso_Z21808;Melomys_rufescens_ABTC44798;Mesembriomys_gouldii_ABTC7449;Mesembriomys_macrurus_ABTC7337;Micaelemys_namaquensis_MNHN1987009;Microhydromys_richardsoni_ANWCM35851;Mirzamys_louiseae_ABTC133754;mm10;Mus_caroli_10460X9;Mus_cervicolor_10460X10;Mus_cookii_10460X3;Mus_macedonicus_10460X12;Mus_minutoides_10460X2;Mus_musculoides_LSUMZ37820;Mus_pahari_10460X1;Mus_platythrix_10460X13;Mus_spicilegus_10460X11;Mus_spretus_10460X4;Musseromys_anacuao_FMNH209523;Mylomys_dybowskii_MNHN1997072;Myomyscus_verreauxii_MNHN1999102;Nesokia_indica_ABTC117074;Niviventer_bukit_LSUMZ38136;Niviventer_lepturus_JAE4746;Niviventer_rapit_LSUMZ38196;Notomys_alexis_U1308;Notomys_aquilo_M-32455;Notomys_cervinus_M22857;Notomys_fuscus_M22830;Notomys_mitchellii_M21518;Oenomys_hypoxanthus_LSUMZ37838;Otomys_denti_LSUMZ37840;Otomys_tropicalis_LSUMZ37841;Papagomys_armandvillei_WAMM32592;Parahydromys_asper_ABTC45798;Paraleptomys_wilhelmina_H126-ABTC133716;Paucidentomys_vermidax_Z21914;Pelomys_isseli_FMNH137886;Pelomys_minor_FMNH219213;Phloeomys_cumingi_FMNH198472;Phloeomys_pallidus_JEC43;Pogonomelomys_mayeri_AMM21849;Pogonomys_macrourus_ABTC43144;Praomys_degraaffi_TCD4312;Praomys_jacksoni_REC31;Pseudohydromys_pumehanae_ABTC43920;Pseudomys_albocinereus_WAMM18855;Pseudomys_apodemoides_M16672;Pseudomys_australis_M25541;Pseudomys_bolami_ABTC107389;Pseudomys_calabyi_U4324;Pseudomys_chapmani_WAMM29440;Pseudomys_delicatulus_U1509;Pseudomys_desertor_ABTC41464;Pseudomys_fumeus_ABTC08168;Pseudomys_gracilicaudatus_ABTC08163;Pseudomys_hermannsburgensis_ABTC08067;Pseudomys_higginsi_UC1421;Pseudomys_johnsoni_ABTC08053;Pseudomys_nanus_U1448;Pseudomys_novaehollandiae_ABTC08140;Pseudomys_occidentalis_ABTC08043;Pseudomys_oralis_RAT7;Pseudomys_patrius_JM10865;Pseudomys_shortridgei_Z25113;Rattus_argentiventer_LSUMZ38199;Rattus_colletti_RAT25;Rattus_exulans_sample1;Rattus_hoffmanni_LSUMZ39187;Rattus_leucopus_sample1;Rattus_lutreolus_sample2;Rattus_morotaiensis_ASAM29;Rattus_praetor_sample1;Rattus_tunneyi_RAT130;Rattus_villosissimus_sample1;Rattus_xanthurus_LSUMZ39196;Rhabdomys_pumilio_MNHN1995065;Rhynchomys_isarogensis_JAE2195;rnor6;Saxatilomys_paulinae_ABTC116266;Solomys_salebrosus_ABTC64864;Sommeromys_macrorhinos_Z21740;Stochomys_longicaudatus_MNHN1999459;Sundamys_annandalei_YS118;Sundamys_muelleri_JAE1283;Taeromys_callitrichus_LSUMZ37153;Taeromys_celebensis_NMVZ20637;Taeromys_hamatus_NMVZ63317;Taeromys_punicans_MVZ225815;Taeromys_taerae_LSUMZ39224;Tarsomys_apoensis_KU167148;Tateomys_macrocercus_Z21834;Tateomys_rhinogradoides_Z21785;Thallomys_paedulcus_FMNH158089;Thamnomys_kempi_TCD4437;Thamnomys_venustus_LSUMZ37935;Uromys_caudimaculatus_DT10Uc01;Uromys_sp-nov_YS380;Waiomys_mamasae_Z20624;Xenuromys_barbatus_ABTC129204;Xeromys_myoides_ABTC30709;Zelotomys_woosnami_TTU-M115260;Zyzomys_argurus_ABTC61630;Zyzomys_maini_ABTC07900;Zyzomys_palatalis_ABTC30744;Zyzomys_pedunculatus_Z34925;Zyzomys_woodwardi_WAMM21724","ROOT",NA,NA
179,"Abeomelomys_sevia_KUM161018;Aethomys_hindei_MVZ196257;Aethomys_nyikae_FMNH196708;Anisomys_imitator_ABTC45107;Anonymomys_mindorensis_FMNH2222010;Apodemus_sylvaticus_SMG3823;Apomys_lubangensis_JAE169;Archboldomys_luzonensis_EAR1826;Arvicanthus_neumanni_FMNH158037;Arvicanthus_niloticus_MNHN1999201;Bandicota_indica_ABTC119185;Berylmys_bowersi_ABTC116431;Berylmys_mackenziei_ABTC116402;Bullimus_bagobus_JAE1712;Bunomys_andrewsi_sample1;Bunomys_chrysocomus_JAE4867;Bunomys_torajae_NMVZ21736;Chiropodomys_gliroides_Z25153;Chiruromys_vates_ABTC43096;Chrotomys_mindorensis_JAE520;Chrotomys_whiteheadi_KU168311;Coccymys_ruemmleri_ABTC49489;Colomys_goslingi_TCD4175;Conilurus_albipes_NMV-c7585;Conilurus_penicillatus_M14056;Crossomys_moncktoni_ABTC46614;Crunomys_celebensis_Z21894;Crunomys_melanius_KU168558;Dasymys_incomtus_LSUMZ37702;Dasymys_montanus_FMNH144389;Dephomys_defua_MNHNR24062;Echiothrix_centrosa_Z27993;Eropeplus_canus_NMVZ21733;Gracilimus_radix_Z08508;Grammomys_dryas_LSUMZ37716;Haeromys_minahassae_JAE4996;Halmaheramys_bokimekot_33262-WD225;Heimyscus_fumosus_FMNH167810;Hybomys_lunaris_LSUMZ37734;Hybomys_planifrons_R24117;Hybomys_univittatus_TCD4026;Hydromys_chrysogaster_Z5248;Hylomyscus_stella_LSUMZ37742;Hylomyscus_vulcanorum_TCD4382;Hyomys_goliath_ABTC42697;Hyorhinomys_stuempkei_JAE4661;Kadarsanomys_sodyi_MZB-Sample;Leggadina_forresti_WAMM62323;Leggadina_lakedownensis_WAMM21623;Lemniscomys_striatus_TCD4711;Lenomys_meyeri_LSUMZ39079;Leopoldomys_sabanus_Z25191;Leporillus_apicalis_C90;Leporillus_conditor_ABTC13335;Leptomys_elegans_ABTC45741;Limnomys_sibuanus_FMNH147948;Lorentzimys_nouhuysi_ABTC-46314;Macruromys_major_ABTC43909;Malacomys_longipes_TCD4253;Mallomys_rothschildi_ABTC47402;Mammelomys_lanosus_ABTC47208;Margaretamys_christinae_TMar1;Margaretamys_parvus_NMVZ21833;Mastacomys_fuscus_M13957;Mastomys_natalensis_T4162;Maxomys_musschenbroekii_sample1;Maxomys_surifer_JAE3632;Melasmothrix_naso_Z21808;Melomys_rufescens_ABTC44798;Mesembriomys_gouldii_ABTC7449;Mesembriomys_macrurus_ABTC7337;Micaelemys_namaquensis_MNHN1987009;Microhydromys_richardsoni_ANWCM35851;Mirzamys_louiseae_ABTC133754;mm10;Mus_caroli_10460X9;Mus_cervicolor_10460X10;Mus_cookii_10460X3;Mus_macedonicus_10460X12;Mus_minutoides_10460X2;Mus_musculoides_LSUMZ37820;Mus_pahari_10460X1;Mus_platythrix_10460X13;Mus_spicilegus_10460X11;Mus_spretus_10460X4;Mylomys_dybowskii_MNHN1997072;Myomyscus_verreauxii_MNHN1999102;Nesokia_indica_ABTC117074;Niviventer_bukit_LSUMZ38136;Niviventer_lepturus_JAE4746;Niviventer_rapit_LSUMZ38196;Notomys_alexis_U1308;Notomys_aquilo_M-32455;Notomys_cervinus_M22857;Notomys_fuscus_M22830;Notomys_mitchellii_M21518;Oenomys_hypoxanthus_LSUMZ37838;Otomys_denti_LSUMZ37840;Otomys_tropicalis_LSUMZ37841;Papagomys_armandvillei_WAMM32592;Parahydromys_asper_ABTC45798;Paraleptomys_wilhelmina_H126-ABTC133716;Paucidentomys_vermidax_Z21914;Pelomys_isseli_FMNH137886;Pelomys_minor_FMNH219213;Pogonomelomys_mayeri_AMM21849;Pogonomys_macrourus_ABTC43144;Praomys_degraaffi_TCD4312;Praomys_jacksoni_REC31;Pseudohydromys_pumehanae_ABTC43920;Pseudomys_albocinereus_WAMM18855;Pseudomys_apodemoides_M16672;Pseudomys_australis_M25541;Pseudomys_bolami_ABTC107389;Pseudomys_calabyi_U4324;Pseudomys_chapmani_WAMM29440;Pseudomys_delicatulus_U1509;Pseudomys_desertor_ABTC41464;Pseudomys_fumeus_ABTC08168;Pseudomys_gracilicaudatus_ABTC08163;Pseudomys_hermannsburgensis_ABTC08067;Pseudomys_higginsi_UC1421;Pseudomys_johnsoni_ABTC08053;Pseudomys_nanus_U1448;Pseudomys_novaehollandiae_ABTC08140;Pseudomys_occidentalis_ABTC08043;Pseudomys_oralis_RAT7;Pseudomys_patrius_JM10865;Pseudomys_shortridgei_Z25113;Rattus_argentiventer_LSUMZ38199;Rattus_colletti_RAT25;Rattus_exulans_sample1;Rattus_hoffmanni_LSUMZ39187;Rattus_leucopus_sample1;Rattus_lutreolus_sample2;Rattus_morotaiensis_ASAM29;Rattus_praetor_sample1;Rattus_tunneyi_RAT130;Rattus_villosissimus_sample1;Rattus_xanthurus_LSUMZ39196;Rhabdomys_pumilio_MNHN1995065;Rhynchomys_isarogensis_JAE2195;rnor6;Saxatilomys_paulinae_ABTC116266;Solomys_salebrosus_ABTC64864;Sommeromys_macrorhinos_Z21740;Stochomys_longicaudatus_MNHN1999459;Sundamys_annandalei_YS118;Sundamys_muelleri_JAE1283;Taeromys_callitrichus_LSUMZ37153;Taeromys_celebensis_NMVZ20637;Taeromys_hamatus_NMVZ63317;Taeromys_punicans_MVZ225815;Taeromys_taerae_LSUMZ39224;Tarsomys_apoensis_KU167148;Tateomys_macrocercus_Z21834;Tateomys_rhinogradoides_Z21785;Thallomys_paedulcus_FMNH158089;Thamnomys_kempi_TCD4437;Thamnomys_venustus_LSUMZ37935;Uromys_caudimaculatus_DT10Uc01;Uromys_sp-nov_YS380;Waiomys_mamasae_Z20624;Xenuromys_barbatus_ABTC129204;Xeromys_myoides_ABTC30709;Zelotomys_woosnami_TTU-M115260;Zyzomys_argurus_ABTC61630;Zyzomys_maini_ABTC07900;Zyzomys_palatalis_ABTC30744;Zyzomys_pedunculatus_Z34925;Zyzomys_woodwardi_WAMM21724","internal",0.466472375500803,NA
180,"Abeomelomys_sevia_KUM161018;Aethomys_hindei_MVZ196257;Aethomys_nyikae_FMNH196708;Anisomys_imitator_ABTC45107;Apodemus_sylvaticus_SMG3823;Apomys_lubangensis_JAE169;Archboldomys_luzonensis_EAR1826;Arvicanthus_neumanni_FMNH158037;Arvicanthus_niloticus_MNHN1999201;Chiropodomys_gliroides_Z25153;Chiruromys_vates_ABTC43096;Chrotomys_mindorensis_JAE520;Chrotomys_whiteheadi_KU168311;Coccymys_ruemmleri_ABTC49489;Colomys_goslingi_TCD4175;Conilurus_albipes_NMV-c7585;Conilurus_penicillatus_M14056;Crossomys_moncktoni_ABTC46614;Dasymys_incomtus_LSUMZ37702;Dasymys_montanus_FMNH144389;Dephomys_defua_MNHNR24062;Grammomys_dryas_LSUMZ37716;Haeromys_minahassae_JAE4996;Heimyscus_fumosus_FMNH167810;Hybomys_lunaris_LSUMZ37734;Hybomys_planifrons_R24117;Hybomys_univittatus_TCD4026;Hydromys_chrysogaster_Z5248;Hylomyscus_stella_LSUMZ37742;Hylomyscus_vulcanorum_TCD4382;Hyomys_goliath_ABTC42697;Leggadina_forresti_WAMM62323;Leggadina_lakedownensis_WAMM21623;Lemniscomys_striatus_TCD4711;Leporillus_apicalis_C90;Leporillus_conditor_ABTC13335;Leptomys_elegans_ABTC45741;Lorentzimys_nouhuysi_ABTC-46314;Macruromys_major_ABTC43909;Malacomys_longipes_TCD4253;Mallomys_rothschildi_ABTC47402;Mammelomys_lanosus_ABTC47208;Mastacomys_fuscus_M13957;Mastomys_natalensis_T4162;Melomys_rufescens_ABTC44798;Mesembriomys_gouldii_ABTC7449;Mesembriomys_macrurus_ABTC7337;Micaelemys_namaquensis_MNHN1987009;Microhydromys_richardsoni_ANWCM35851;Mirzamys_louiseae_ABTC133754;mm10;Mus_caroli_10460X9;Mus_cervicolor_10460X10;Mus_cookii_10460X3;Mus_macedonicus_10460X12;Mus_minutoides_10460X2;Mus_musculoides_LSUMZ37820;Mus_pahari_10460X1;Mus_platythrix_10460X13;Mus_spicilegus_10460X11;Mus_spretus_10460X4;Mylomys_dybowskii_MNHN1997072;Myomyscus_verreauxii_MNHN1999102;Notomys_alexis_U1308;Notomys_aquilo_M-32455;Notomys_cervinus_M22857;Notomys_fuscus_M22830;Notomys_mitchellii_M21518;Oenomys_hypoxanthus_LSUMZ37838;Otomys_denti_LSUMZ37840;Otomys_tropicalis_LSUMZ37841;Parahydromys_asper_ABTC45798;Paraleptomys_wilhelmina_H126-ABTC133716;Pelomys_isseli_FMNH137886;Pelomys_minor_FMNH219213;Pogonomelomys_mayeri_AMM21849;Pogonomys_macrourus_ABTC43144;Praomys_degraaffi_TCD4312;Praomys_jacksoni_REC31;Pseudohydromys_pumehanae_ABTC43920;Pseudomys_albocinereus_WAMM18855;Pseudomys_apodemoides_M16672;Pseudomys_australis_M25541;Pseudomys_bolami_ABTC107389;Pseudomys_calabyi_U4324;Pseudomys_chapmani_WAMM29440;Pseudomys_delicatulus_U1509;Pseudomys_desertor_ABTC41464;Pseudomys_fumeus_ABTC08168;Pseudomys_gracilicaudatus_ABTC08163;Pseudomys_hermannsburgensis_ABTC08067;Pseudomys_higginsi_UC1421;Pseudomys_johnsoni_ABTC08053;Pseudomys_nanus_U1448;Pseudomys_novaehollandiae_ABTC08140;Pseudomys_occidentalis_ABTC08043;Pseudomys_oralis_RAT7;Pseudomys_patrius_JM10865;Pseudomys_shortridgei_Z25113;Rhabdomys_pumilio_MNHN1995065;Rhynchomys_isarogensis_JAE2195;Solomys_salebrosus_ABTC64864;Stochomys_longicaudatus_MNHN1999459;Thallomys_paedulcus_FMNH158089;Thamnomys_kempi_TCD4437;Thamnomys_venustus_LSUMZ37935;Uromys_caudimaculatus_DT10Uc01;Uromys_sp-nov_YS380;Xenuromys_barbatus_ABTC129204;Xeromys_myoides_ABTC30709;Zelotomys_woosnami_TTU-M115260;Zyzomys_argurus_ABTC61630;Zyzomys_maini_ABTC07900;Zyzomys_palatalis_ABTC30744;Zyzomys_pedunculatus_Z34925;Zyzomys_woodwardi_WAMM21724","internal",0.469560747704011,NA
181,"Aethomys_hindei_MVZ196257;Aethomys_nyikae_FMNH196708;Apodemus_sylvaticus_SMG3823;Arvicanthus_neumanni_FMNH158037;Arvicanthus_niloticus_MNHN1999201;Colomys_goslingi_TCD4175;Dasymys_incomtus_LSUMZ37702;Dasymys_montanus_FMNH144389;Dephomys_defua_MNHNR24062;Grammomys_dryas_LSUMZ37716;Heimyscus_fumosus_FMNH167810;Hybomys_lunaris_LSUMZ37734;Hybomys_planifrons_R24117;Hybomys_univittatus_TCD4026;Hylomyscus_stella_LSUMZ37742;Hylomyscus_vulcanorum_TCD4382;Lemniscomys_striatus_TCD4711;Malacomys_longipes_TCD4253;Mastomys_natalensis_T4162;Micaelemys_namaquensis_MNHN1987009;mm10;Mus_caroli_10460X9;Mus_cervicolor_10460X10;Mus_cookii_10460X3;Mus_macedonicus_10460X12;Mus_minutoides_10460X2;Mus_musculoides_LSUMZ37820;Mus_pahari_10460X1;Mus_platythrix_10460X13;Mus_spicilegus_10460X11;Mus_spretus_10460X4;Mylomys_dybowskii_MNHN1997072;Myomyscus_verreauxii_MNHN1999102;Oenomys_hypoxanthus_LSUMZ37838;Otomys_denti_LSUMZ37840;Otomys_tropicalis_LSUMZ37841;Pelomys_isseli_FMNH137886;Pelomys_minor_FMNH219213;Praomys_degraaffi_TCD4312;Praomys_jacksoni_REC31;Rhabdomys_pumilio_MNHN1995065;Stochomys_longicaudatus_MNHN1999459;Thallomys_paedulcus_FMNH158089;Thamnomys_kempi_TCD4437;Thamnomys_venustus_LSUMZ37935;Zelotomys_woosnami_TTU-M115260","internal",0.470122936865587,NA
182,"Apodemus_sylvaticus_SMG3823;Colomys_goslingi_TCD4175;Heimyscus_fumosus_FMNH167810;Hylomyscus_stella_LSUMZ37742;Hylomyscus_vulcanorum_TCD4382;Malacomys_longipes_TCD4253;Mastomys_natalensis_T4162;mm10;Mus_caroli_10460X9;Mus_cervicolor_10460X10;Mus_cookii_10460X3;Mus_macedonicus_10460X12;Mus_minutoides_10460X2;Mus_musculoides_LSUMZ37820;Mus_pahari_10460X1;Mus_platythrix_10460X13;Mus_spicilegus_10460X11;Mus_spretus_10460X4;Myomyscus_verreauxii_MNHN1999102;Praomys_degraaffi_TCD4312;Praomys_jacksoni_REC31;Zelotomys_woosnami_TTU-M115260","internal",0.470628012530662,NA
183,"Colomys_goslingi_TCD4175;Heimyscus_fumosus_FMNH167810;Hylomyscus_stella_LSUMZ37742;Hylomyscus_vulcanorum_TCD4382;Mastomys_natalensis_T4162;mm10;Mus_caroli_10460X9;Mus_cervicolor_10460X10;Mus_cookii_10460X3;Mus_macedonicus_10460X12;Mus_minutoides_10460X2;Mus_musculoides_LSUMZ37820;Mus_pahari_10460X1;Mus_platythrix_10460X13;Mus_spicilegus_10460X11;Mus_spretus_10460X4;Myomyscus_verreauxii_MNHN1999102;Praomys_degraaffi_TCD4312;Praomys_jacksoni_REC31;Zelotomys_woosnami_TTU-M115260","internal",0.471539474860593,NA
184,"mm10;Mus_caroli_10460X9;Mus_cervicolor_10460X10;Mus_cookii_10460X3;Mus_macedonicus_10460X12;Mus_minutoides_10460X2;Mus_musculoides_LSUMZ37820;Mus_pahari_10460X1;Mus_platythrix_10460X13;Mus_spicilegus_10460X11;Mus_spretus_10460X4","internal",0.476733326046347,NA
185,"mm10;Mus_caroli_10460X9;Mus_cervicolor_10460X10;Mus_cookii_10460X3;Mus_macedonicus_10460X12;Mus_minutoides_10460X2;Mus_musculoides_LSUMZ37820;Mus_platythrix_10460X13;Mus_spicilegus_10460X11;Mus_spretus_10460X4","internal",0.482046884730819,NA
186,"mm10;Mus_caroli_10460X9;Mus_cervicolor_10460X10;Mus_cookii_10460X3;Mus_macedonicus_10460X12;Mus_platythrix_10460X13;Mus_spicilegus_10460X11;Mus_spretus_10460X4","internal",0.483366843276625,NA
187,"mm10;Mus_caroli_10460X9;Mus_cervicolor_10460X10;Mus_cookii_10460X3;Mus_macedonicus_10460X12;Mus_spicilegus_10460X11;Mus_spretus_10460X4","internal",0.486909141106753,NA
188,"mm10;Mus_macedonicus_10460X12;Mus_spicilegus_10460X11;Mus_spretus_10460X4","internal",0.49185266236162,NA
189,"Mus_macedonicus_10460X12;Mus_spicilegus_10460X11;Mus_spretus_10460X4","internal",0.494256831951877,NA
190,"Mus_macedonicus_10460X12;Mus_spicilegus_10460X11","internal",0.495327179745225,NA
191,"Mus_caroli_10460X9;Mus_cervicolor_10460X10;Mus_cookii_10460X3","internal",0.490578998141124,NA
192,"Mus_cervicolor_10460X10;Mus_cookii_10460X3","internal",0.492314459876241,NA
193,"Mus_minutoides_10460X2;Mus_musculoides_LSUMZ37820","internal",0.488144939685049,NA
194,"Colomys_goslingi_TCD4175;Heimyscus_fumosus_FMNH167810;Hylomyscus_stella_LSUMZ37742;Hylomyscus_vulcanorum_TCD4382;Mastomys_natalensis_T4162;Myomyscus_verreauxii_MNHN1999102;Praomys_degraaffi_TCD4312;Praomys_jacksoni_REC31;Zelotomys_woosnami_TTU-M115260","internal",0.478653733794882,NA
195,"Colomys_goslingi_TCD4175;Mastomys_natalensis_T4162;Myomyscus_verreauxii_MNHN1999102;Praomys_degraaffi_TCD4312;Praomys_jacksoni_REC31;Zelotomys_woosnami_TTU-M115260","internal",0.486146296751978,NA
196,"Colomys_goslingi_TCD4175;Mastomys_natalensis_T4162;Myomyscus_verreauxii_MNHN1999102;Zelotomys_woosnami_TTU-M115260","internal",0.487378594588507,NA
197,"Colomys_goslingi_TCD4175;Myomyscus_verreauxii_MNHN1999102;Zelotomys_woosnami_TTU-M115260","internal",0.488659512162334,NA
198,"Colomys_goslingi_TCD4175;Zelotomys_woosnami_TTU-M115260","internal",0.490887859428783,NA
199,"Praomys_degraaffi_TCD4312;Praomys_jacksoni_REC31","internal",0.489899585718325,NA
200,"Heimyscus_fumosus_FMNH167810;Hylomyscus_stella_LSUMZ37742;Hylomyscus_vulcanorum_TCD4382","internal",0.486716993404096,NA
201,"Hylomyscus_stella_LSUMZ37742;Hylomyscus_vulcanorum_TCD4382","internal",0.489776780192177,NA
202,"Apodemus_sylvaticus_SMG3823;Malacomys_longipes_TCD4253","internal",0.471596678702932,NA
203,"Aethomys_hindei_MVZ196257;Aethomys_nyikae_FMNH196708;Arvicanthus_neumanni_FMNH158037;Arvicanthus_niloticus_MNHN1999201;Dasymys_incomtus_LSUMZ37702;Dasymys_montanus_FMNH144389;Dephomys_defua_MNHNR24062;Grammomys_dryas_LSUMZ37716;Hybomys_lunaris_LSUMZ37734;Hybomys_planifrons_R24117;Hybomys_univittatus_TCD4026;Lemniscomys_striatus_TCD4711;Micaelemys_namaquensis_MNHN1987009;Mylomys_dybowskii_MNHN1997072;Oenomys_hypoxanthus_LSUMZ37838;Otomys_denti_LSUMZ37840;Otomys_tropicalis_LSUMZ37841;Pelomys_isseli_FMNH137886;Pelomys_minor_FMNH219213;Rhabdomys_pumilio_MNHN1995065;Stochomys_longicaudatus_MNHN1999459;Thallomys_paedulcus_FMNH158089;Thamnomys_kempi_TCD4437;Thamnomys_venustus_LSUMZ37935","internal",0.474255511510223,NA
204,"Otomys_denti_LSUMZ37840;Otomys_tropicalis_LSUMZ37841","internal",0.484840886249003,NA
205,"Aethomys_hindei_MVZ196257;Aethomys_nyikae_FMNH196708;Arvicanthus_neumanni_FMNH158037;Arvicanthus_niloticus_MNHN1999201;Dasymys_incomtus_LSUMZ37702;Dasymys_montanus_FMNH144389;Dephomys_defua_MNHNR24062;Grammomys_dryas_LSUMZ37716;Hybomys_lunaris_LSUMZ37734;Hybomys_planifrons_R24117;Hybomys_univittatus_TCD4026;Lemniscomys_striatus_TCD4711;Micaelemys_namaquensis_MNHN1987009;Mylomys_dybowskii_MNHN1997072;Oenomys_hypoxanthus_LSUMZ37838;Pelomys_isseli_FMNH137886;Pelomys_minor_FMNH219213;Rhabdomys_pumilio_MNHN1995065;Stochomys_longicaudatus_MNHN1999459;Thallomys_paedulcus_FMNH158089;Thamnomys_kempi_TCD4437;Thamnomys_venustus_LSUMZ37935","internal",0.479889873787359,NA
206,"Aethomys_hindei_MVZ196257;Aethomys_nyikae_FMNH196708;Arvicanthus_neumanni_FMNH158037;Arvicanthus_niloticus_MNHN1999201;Dasymys_incomtus_LSUMZ37702;Dasymys_montanus_FMNH144389;Dephomys_defua_MNHNR24062;Grammomys_dryas_LSUMZ37716;Hybomys_lunaris_LSUMZ37734;Hybomys_planifrons_R24117;Hybomys_univittatus_TCD4026;Lemniscomys_striatus_TCD4711;Micaelemys_namaquensis_MNHN1987009;Mylomys_dybowskii_MNHN1997072;Pelomys_isseli_FMNH137886;Pelomys_minor_FMNH219213;Rhabdomys_pumilio_MNHN1995065;Stochomys_longicaudatus_MNHN1999459;Thallomys_paedulcus_FMNH158089;Thamnomys_kempi_TCD4437;Thamnomys_venustus_LSUMZ37935","internal",0.481469797168392,NA
207,"Aethomys_hindei_MVZ196257;Aethomys_nyikae_FMNH196708;Arvicanthus_neumanni_FMNH158037;Arvicanthus_niloticus_MNHN1999201;Dasymys_incomtus_LSUMZ37702;Dasymys_montanus_FMNH144389;Grammomys_dryas_LSUMZ37716;Lemniscomys_striatus_TCD4711;Micaelemys_namaquensis_MNHN1987009;Mylomys_dybowskii_MNHN1997072;Pelomys_isseli_FMNH137886;Pelomys_minor_FMNH219213;Rhabdomys_pumilio_MNHN1995065;Thallomys_paedulcus_FMNH158089;Thamnomys_kempi_TCD4437;Thamnomys_venustus_LSUMZ37935","internal",0.481736433750801,NA
208,"Arvicanthus_neumanni_FMNH158037;Arvicanthus_niloticus_MNHN1999201;Dasymys_incomtus_LSUMZ37702;Dasymys_montanus_FMNH144389;Lemniscomys_striatus_TCD4711;Mylomys_dybowskii_MNHN1997072;Pelomys_isseli_FMNH137886;Pelomys_minor_FMNH219213;Rhabdomys_pumilio_MNHN1995065","internal",0.482420689233828,NA
209,"Arvicanthus_neumanni_FMNH158037;Arvicanthus_niloticus_MNHN1999201;Lemniscomys_striatus_TCD4711;Mylomys_dybowskii_MNHN1997072;Pelomys_isseli_FMNH137886;Pelomys_minor_FMNH219213;Rhabdomys_pumilio_MNHN1995065","internal",0.484955485940251,NA
210,"Arvicanthus_neumanni_FMNH158037;Arvicanthus_niloticus_MNHN1999201;Lemniscomys_striatus_TCD4711;Mylomys_dybowskii_MNHN1997072;Pelomys_isseli_FMNH137886;Pelomys_minor_FMNH219213","internal",0.487542106266677,NA
211,"Arvicanthus_neumanni_FMNH158037;Arvicanthus_niloticus_MNHN1999201;Lemniscomys_striatus_TCD4711","internal",0.48934408702534,NA
212,"Arvicanthus_neumanni_FMNH158037;Arvicanthus_niloticus_MNHN1999201","internal",0.492718073828261,NA
213,"Mylomys_dybowskii_MNHN1997072;Pelomys_isseli_FMNH137886;Pelomys_minor_FMNH219213","internal",0.489223837823872,NA
214,"Pelomys_isseli_FMNH137886;Pelomys_minor_FMNH219213","internal",0.491653118449839,NA
215,"Dasymys_incomtus_LSUMZ37702;Dasymys_montanus_FMNH144389","internal",0.489823107920206,NA
216,"Aethomys_hindei_MVZ196257;Aethomys_nyikae_FMNH196708;Grammomys_dryas_LSUMZ37716;Micaelemys_namaquensis_MNHN1987009;Thallomys_paedulcus_FMNH158089;Thamnomys_kempi_TCD4437;Thamnomys_venustus_LSUMZ37935","internal",0.482408464783441,NA
217,"Aethomys_hindei_MVZ196257;Aethomys_nyikae_FMNH196708;Grammomys_dryas_LSUMZ37716;Thallomys_paedulcus_FMNH158089;Thamnomys_kempi_TCD4437;Thamnomys_venustus_LSUMZ37935","internal",0.483133600381982,NA
218,"Grammomys_dryas_LSUMZ37716;Thallomys_paedulcus_FMNH158089;Thamnomys_kempi_TCD4437;Thamnomys_venustus_LSUMZ37935","internal",0.483607169814749,NA
219,"Grammomys_dryas_LSUMZ37716;Thamnomys_kempi_TCD4437;Thamnomys_venustus_LSUMZ37935","internal",0.484543401086128,NA
220,"Thamnomys_kempi_TCD4437;Thamnomys_venustus_LSUMZ37935","internal",0.486711054177163,NA
221,"Aethomys_hindei_MVZ196257;Aethomys_nyikae_FMNH196708","internal",0.485549732450956,NA
222,"Dephomys_defua_MNHNR24062;Hybomys_lunaris_LSUMZ37734;Hybomys_planifrons_R24117;Hybomys_univittatus_TCD4026;Stochomys_longicaudatus_MNHN1999459","internal",0.482037959793995,NA
223,"Dephomys_defua_MNHNR24062;Hybomys_lunaris_LSUMZ37734;Hybomys_univittatus_TCD4026;Stochomys_longicaudatus_MNHN1999459","internal",0.484422196016026,NA
224,"Dephomys_defua_MNHNR24062;Stochomys_longicaudatus_MNHN1999459","internal",0.487707425341196,NA
225,"Hybomys_lunaris_LSUMZ37734;Hybomys_univittatus_TCD4026","internal",0.491655710040908,NA
226,"Abeomelomys_sevia_KUM161018;Anisomys_imitator_ABTC45107;Apomys_lubangensis_JAE169;Archboldomys_luzonensis_EAR1826;Chiropodomys_gliroides_Z25153;Chiruromys_vates_ABTC43096;Chrotomys_mindorensis_JAE520;Chrotomys_whiteheadi_KU168311;Coccymys_ruemmleri_ABTC49489;Conilurus_albipes_NMV-c7585;Conilurus_penicillatus_M14056;Crossomys_moncktoni_ABTC46614;Haeromys_minahassae_JAE4996;Hydromys_chrysogaster_Z5248;Hyomys_goliath_ABTC42697;Leggadina_forresti_WAMM62323;Leggadina_lakedownensis_WAMM21623;Leporillus_apicalis_C90;Leporillus_conditor_ABTC13335;Leptomys_elegans_ABTC45741;Lorentzimys_nouhuysi_ABTC-46314;Macruromys_major_ABTC43909;Mallomys_rothschildi_ABTC47402;Mammelomys_lanosus_ABTC47208;Mastacomys_fuscus_M13957;Melomys_rufescens_ABTC44798;Mesembriomys_gouldii_ABTC7449;Mesembriomys_macrurus_ABTC7337;Microhydromys_richardsoni_ANWCM35851;Mirzamys_louiseae_ABTC133754;Notomys_alexis_U1308;Notomys_aquilo_M-32455;Notomys_cervinus_M22857;Notomys_fuscus_M22830;Notomys_mitchellii_M21518;Parahydromys_asper_ABTC45798;Paraleptomys_wilhelmina_H126-ABTC133716;Pogonomelomys_mayeri_AMM21849;Pogonomys_macrourus_ABTC43144;Pseudohydromys_pumehanae_ABTC43920;Pseudomys_albocinereus_WAMM18855;Pseudomys_apodemoides_M16672;Pseudomys_australis_M25541;Pseudomys_bolami_ABTC107389;Pseudomys_calabyi_U4324;Pseudomys_chapmani_WAMM29440;Pseudomys_delicatulus_U1509;Pseudomys_desertor_ABTC41464;Pseudomys_fumeus_ABTC08168;Pseudomys_gracilicaudatus_ABTC08163;Pseudomys_hermannsburgensis_ABTC08067;Pseudomys_higginsi_UC1421;Pseudomys_johnsoni_ABTC08053;Pseudomys_nanus_U1448;Pseudomys_novaehollandiae_ABTC08140;Pseudomys_occidentalis_ABTC08043;Pseudomys_oralis_RAT7;Pseudomys_patrius_JM10865;Pseudomys_shortridgei_Z25113;Rhynchomys_isarogensis_JAE2195;Solomys_salebrosus_ABTC64864;Uromys_caudimaculatus_DT10Uc01;Uromys_sp-nov_YS380;Xenuromys_barbatus_ABTC129204;Xeromys_myoides_ABTC30709;Zyzomys_argurus_ABTC61630;Zyzomys_maini_ABTC07900;Zyzomys_palatalis_ABTC30744;Zyzomys_pedunculatus_Z34925;Zyzomys_woodwardi_WAMM21724","internal",0.47311673673842,NA
227,"Abeomelomys_sevia_KUM161018;Anisomys_imitator_ABTC45107;Apomys_lubangensis_JAE169;Archboldomys_luzonensis_EAR1826;Chiruromys_vates_ABTC43096;Chrotomys_mindorensis_JAE520;Chrotomys_whiteheadi_KU168311;Coccymys_ruemmleri_ABTC49489;Conilurus_albipes_NMV-c7585;Conilurus_penicillatus_M14056;Crossomys_moncktoni_ABTC46614;Haeromys_minahassae_JAE4996;Hydromys_chrysogaster_Z5248;Hyomys_goliath_ABTC42697;Leggadina_forresti_WAMM62323;Leggadina_lakedownensis_WAMM21623;Leporillus_apicalis_C90;Leporillus_conditor_ABTC13335;Leptomys_elegans_ABTC45741;Lorentzimys_nouhuysi_ABTC-46314;Macruromys_major_ABTC43909;Mallomys_rothschildi_ABTC47402;Mammelomys_lanosus_ABTC47208;Mastacomys_fuscus_M13957;Melomys_rufescens_ABTC44798;Mesembriomys_gouldii_ABTC7449;Mesembriomys_macrurus_ABTC7337;Microhydromys_richardsoni_ANWCM35851;Mirzamys_louiseae_ABTC133754;Notomys_alexis_U1308;Notomys_aquilo_M-32455;Notomys_cervinus_M22857;Notomys_fuscus_M22830;Notomys_mitchellii_M21518;Parahydromys_asper_ABTC45798;Paraleptomys_wilhelmina_H126-ABTC133716;Pogonomelomys_mayeri_AMM21849;Pogonomys_macrourus_ABTC43144;Pseudohydromys_pumehanae_ABTC43920;Pseudomys_albocinereus_WAMM18855;Pseudomys_apodemoides_M16672;Pseudomys_australis_M25541;Pseudomys_bolami_ABTC107389;Pseudomys_calabyi_U4324;Pseudomys_chapmani_WAMM29440;Pseudomys_delicatulus_U1509;Pseudomys_desertor_ABTC41464;Pseudomys_fumeus_ABTC08168;Pseudomys_gracilicaudatus_ABTC08163;Pseudomys_hermannsburgensis_ABTC08067;Pseudomys_higginsi_UC1421;Pseudomys_johnsoni_ABTC08053;Pseudomys_nanus_U1448;Pseudomys_novaehollandiae_ABTC08140;Pseudomys_occidentalis_ABTC08043;Pseudomys_oralis_RAT7;Pseudomys_patrius_JM10865;Pseudomys_shortridgei_Z25113;Rhynchomys_isarogensis_JAE2195;Solomys_salebrosus_ABTC64864;Uromys_caudimaculatus_DT10Uc01;Uromys_sp-nov_YS380;Xenuromys_barbatus_ABTC129204;Xeromys_myoides_ABTC30709;Zyzomys_argurus_ABTC61630;Zyzomys_maini_ABTC07900;Zyzomys_palatalis_ABTC30744;Zyzomys_pedunculatus_Z34925;Zyzomys_woodwardi_WAMM21724","internal",0.47814485436932,NA
228,"Abeomelomys_sevia_KUM161018;Anisomys_imitator_ABTC45107;Apomys_lubangensis_JAE169;Archboldomys_luzonensis_EAR1826;Chiruromys_vates_ABTC43096;Chrotomys_mindorensis_JAE520;Chrotomys_whiteheadi_KU168311;Coccymys_ruemmleri_ABTC49489;Conilurus_albipes_NMV-c7585;Conilurus_penicillatus_M14056;Crossomys_moncktoni_ABTC46614;Hydromys_chrysogaster_Z5248;Hyomys_goliath_ABTC42697;Leggadina_forresti_WAMM62323;Leggadina_lakedownensis_WAMM21623;Leporillus_apicalis_C90;Leporillus_conditor_ABTC13335;Leptomys_elegans_ABTC45741;Lorentzimys_nouhuysi_ABTC-46314;Macruromys_major_ABTC43909;Mallomys_rothschildi_ABTC47402;Mammelomys_lanosus_ABTC47208;Mastacomys_fuscus_M13957;Melomys_rufescens_ABTC44798;Mesembriomys_gouldii_ABTC7449;Mesembriomys_macrurus_ABTC7337;Microhydromys_richardsoni_ANWCM35851;Mirzamys_louiseae_ABTC133754;Notomys_alexis_U1308;Notomys_aquilo_M-32455;Notomys_cervinus_M22857;Notomys_fuscus_M22830;Notomys_mitchellii_M21518;Parahydromys_asper_ABTC45798;Paraleptomys_wilhelmina_H126-ABTC133716;Pogonomelomys_mayeri_AMM21849;Pogonomys_macrourus_ABTC43144;Pseudohydromys_pumehanae_ABTC43920;Pseudomys_albocinereus_WAMM18855;Pseudomys_apodemoides_M16672;Pseudomys_australis_M25541;Pseudomys_bolami_ABTC107389;Pseudomys_calabyi_U4324;Pseudomys_chapmani_WAMM29440;Pseudomys_delicatulus_U1509;Pseudomys_desertor_ABTC41464;Pseudomys_fumeus_ABTC08168;Pseudomys_gracilicaudatus_ABTC08163;Pseudomys_hermannsburgensis_ABTC08067;Pseudomys_higginsi_UC1421;Pseudomys_johnsoni_ABTC08053;Pseudomys_nanus_U1448;Pseudomys_novaehollandiae_ABTC08140;Pseudomys_occidentalis_ABTC08043;Pseudomys_oralis_RAT7;Pseudomys_patrius_JM10865;Pseudomys_shortridgei_Z25113;Rhynchomys_isarogensis_JAE2195;Solomys_salebrosus_ABTC64864;Uromys_caudimaculatus_DT10Uc01;Uromys_sp-nov_YS380;Xenuromys_barbatus_ABTC129204;Xeromys_myoides_ABTC30709;Zyzomys_argurus_ABTC61630;Zyzomys_maini_ABTC07900;Zyzomys_palatalis_ABTC30744;Zyzomys_pedunculatus_Z34925;Zyzomys_woodwardi_WAMM21724","internal",0.481131990824415,NA
229,"Abeomelomys_sevia_KUM161018;Anisomys_imitator_ABTC45107;Chiruromys_vates_ABTC43096;Coccymys_ruemmleri_ABTC49489;Conilurus_albipes_NMV-c7585;Conilurus_penicillatus_M14056;Crossomys_moncktoni_ABTC46614;Hydromys_chrysogaster_Z5248;Hyomys_goliath_ABTC42697;Leggadina_forresti_WAMM62323;Leggadina_lakedownensis_WAMM21623;Leporillus_apicalis_C90;Leporillus_conditor_ABTC13335;Leptomys_elegans_ABTC45741;Lorentzimys_nouhuysi_ABTC-46314;Macruromys_major_ABTC43909;Mallomys_rothschildi_ABTC47402;Mammelomys_lanosus_ABTC47208;Mastacomys_fuscus_M13957;Melomys_rufescens_ABTC44798;Mesembriomys_gouldii_ABTC7449;Mesembriomys_macrurus_ABTC7337;Microhydromys_richardsoni_ANWCM35851;Mirzamys_louiseae_ABTC133754;Notomys_alexis_U1308;Notomys_aquilo_M-32455;Notomys_cervinus_M22857;Notomys_fuscus_M22830;Notomys_mitchellii_M21518;Parahydromys_asper_ABTC45798;Paraleptomys_wilhelmina_H126-ABTC133716;Pogonomelomys_mayeri_AMM21849;Pogonomys_macrourus_ABTC43144;Pseudohydromys_pumehanae_ABTC43920;Pseudomys_albocinereus_WAMM18855;Pseudomys_apodemoides_M16672;Pseudomys_australis_M25541;Pseudomys_bolami_ABTC107389;Pseudomys_calabyi_U4324;Pseudomys_chapmani_WAMM29440;Pseudomys_delicatulus_U1509;Pseudomys_desertor_ABTC41464;Pseudomys_fumeus_ABTC08168;Pseudomys_gracilicaudatus_ABTC08163;Pseudomys_hermannsburgensis_ABTC08067;Pseudomys_higginsi_UC1421;Pseudomys_johnsoni_ABTC08053;Pseudomys_nanus_U1448;Pseudomys_novaehollandiae_ABTC08140;Pseudomys_occidentalis_ABTC08043;Pseudomys_oralis_RAT7;Pseudomys_patrius_JM10865;Pseudomys_shortridgei_Z25113;Solomys_salebrosus_ABTC64864;Uromys_caudimaculatus_DT10Uc01;Uromys_sp-nov_YS380;Xenuromys_barbatus_ABTC129204;Xeromys_myoides_ABTC30709;Zyzomys_argurus_ABTC61630;Zyzomys_maini_ABTC07900;Zyzomys_palatalis_ABTC30744;Zyzomys_pedunculatus_Z34925;Zyzomys_woodwardi_WAMM21724","internal",0.482865387013876,NA
230,"Abeomelomys_sevia_KUM161018;Coccymys_ruemmleri_ABTC49489;Conilurus_albipes_NMV-c7585;Conilurus_penicillatus_M14056;Crossomys_moncktoni_ABTC46614;Hydromys_chrysogaster_Z5248;Leggadina_forresti_WAMM62323;Leggadina_lakedownensis_WAMM21623;Leporillus_apicalis_C90;Leporillus_conditor_ABTC13335;Leptomys_elegans_ABTC45741;Mallomys_rothschildi_ABTC47402;Mammelomys_lanosus_ABTC47208;Mastacomys_fuscus_M13957;Melomys_rufescens_ABTC44798;Mesembriomys_gouldii_ABTC7449;Mesembriomys_macrurus_ABTC7337;Microhydromys_richardsoni_ANWCM35851;Mirzamys_louiseae_ABTC133754;Notomys_alexis_U1308;Notomys_aquilo_M-32455;Notomys_cervinus_M22857;Notomys_fuscus_M22830;Notomys_mitchellii_M21518;Parahydromys_asper_ABTC45798;Paraleptomys_wilhelmina_H126-ABTC133716;Pogonomelomys_mayeri_AMM21849;Pseudohydromys_pumehanae_ABTC43920;Pseudomys_albocinereus_WAMM18855;Pseudomys_apodemoides_M16672;Pseudomys_australis_M25541;Pseudomys_bolami_ABTC107389;Pseudomys_calabyi_U4324;Pseudomys_chapmani_WAMM29440;Pseudomys_delicatulus_U1509;Pseudomys_desertor_ABTC41464;Pseudomys_fumeus_ABTC08168;Pseudomys_gracilicaudatus_ABTC08163;Pseudomys_hermannsburgensis_ABTC08067;Pseudomys_higginsi_UC1421;Pseudomys_johnsoni_ABTC08053;Pseudomys_nanus_U1448;Pseudomys_novaehollandiae_ABTC08140;Pseudomys_occidentalis_ABTC08043;Pseudomys_oralis_RAT7;Pseudomys_patrius_JM10865;Pseudomys_shortridgei_Z25113;Solomys_salebrosus_ABTC64864;Uromys_caudimaculatus_DT10Uc01;Uromys_sp-nov_YS380;Xenuromys_barbatus_ABTC129204;Xeromys_myoides_ABTC30709;Zyzomys_argurus_ABTC61630;Zyzomys_maini_ABTC07900;Zyzomys_palatalis_ABTC30744;Zyzomys_pedunculatus_Z34925;Zyzomys_woodwardi_WAMM21724","internal",0.483876761527582,NA
231,"Abeomelomys_sevia_KUM161018;Conilurus_albipes_NMV-c7585;Conilurus_penicillatus_M14056;Crossomys_moncktoni_ABTC46614;Hydromys_chrysogaster_Z5248;Leggadina_forresti_WAMM62323;Leggadina_lakedownensis_WAMM21623;Leporillus_apicalis_C90;Leporillus_conditor_ABTC13335;Leptomys_elegans_ABTC45741;Mallomys_rothschildi_ABTC47402;Mammelomys_lanosus_ABTC47208;Mastacomys_fuscus_M13957;Melomys_rufescens_ABTC44798;Mesembriomys_gouldii_ABTC7449;Mesembriomys_macrurus_ABTC7337;Microhydromys_richardsoni_ANWCM35851;Mirzamys_louiseae_ABTC133754;Notomys_alexis_U1308;Notomys_aquilo_M-32455;Notomys_cervinus_M22857;Notomys_fuscus_M22830;Notomys_mitchellii_M21518;Parahydromys_asper_ABTC45798;Paraleptomys_wilhelmina_H126-ABTC133716;Pogonomelomys_mayeri_AMM21849;Pseudohydromys_pumehanae_ABTC43920;Pseudomys_albocinereus_WAMM18855;Pseudomys_apodemoides_M16672;Pseudomys_australis_M25541;Pseudomys_bolami_ABTC107389;Pseudomys_calabyi_U4324;Pseudomys_chapmani_WAMM29440;Pseudomys_delicatulus_U1509;Pseudomys_desertor_ABTC41464;Pseudomys_fumeus_ABTC08168;Pseudomys_gracilicaudatus_ABTC08163;Pseudomys_hermannsburgensis_ABTC08067;Pseudomys_higginsi_UC1421;Pseudomys_johnsoni_ABTC08053;Pseudomys_nanus_U1448;Pseudomys_novaehollandiae_ABTC08140;Pseudomys_occidentalis_ABTC08043;Pseudomys_oralis_RAT7;Pseudomys_patrius_JM10865;Pseudomys_shortridgei_Z25113;Solomys_salebrosus_ABTC64864;Uromys_caudimaculatus_DT10Uc01;Uromys_sp-nov_YS380;Xenuromys_barbatus_ABTC129204;Xeromys_myoides_ABTC30709;Zyzomys_argurus_ABTC61630;Zyzomys_maini_ABTC07900;Zyzomys_palatalis_ABTC30744;Zyzomys_pedunculatus_Z34925;Zyzomys_woodwardi_WAMM21724","internal",0.484147296072794,NA
232,"Conilurus_albipes_NMV-c7585;Conilurus_penicillatus_M14056;Crossomys_moncktoni_ABTC46614;Hydromys_chrysogaster_Z5248;Leggadina_forresti_WAMM62323;Leggadina_lakedownensis_WAMM21623;Leporillus_apicalis_C90;Leporillus_conditor_ABTC13335;Leptomys_elegans_ABTC45741;Mastacomys_fuscus_M13957;Melomys_rufescens_ABTC44798;Mesembriomys_gouldii_ABTC7449;Mesembriomys_macrurus_ABTC7337;Microhydromys_richardsoni_ANWCM35851;Mirzamys_louiseae_ABTC133754;Notomys_alexis_U1308;Notomys_aquilo_M-32455;Notomys_cervinus_M22857;Notomys_fuscus_M22830;Notomys_mitchellii_M21518;Parahydromys_asper_ABTC45798;Paraleptomys_wilhelmina_H126-ABTC133716;Pseudohydromys_pumehanae_ABTC43920;Pseudomys_albocinereus_WAMM18855;Pseudomys_apodemoides_M16672;Pseudomys_australis_M25541;Pseudomys_bolami_ABTC107389;Pseudomys_calabyi_U4324;Pseudomys_chapmani_WAMM29440;Pseudomys_delicatulus_U1509;Pseudomys_desertor_ABTC41464;Pseudomys_fumeus_ABTC08168;Pseudomys_gracilicaudatus_ABTC08163;Pseudomys_hermannsburgensis_ABTC08067;Pseudomys_higginsi_UC1421;Pseudomys_johnsoni_ABTC08053;Pseudomys_nanus_U1448;Pseudomys_novaehollandiae_ABTC08140;Pseudomys_occidentalis_ABTC08043;Pseudomys_oralis_RAT7;Pseudomys_patrius_JM10865;Pseudomys_shortridgei_Z25113;Solomys_salebrosus_ABTC64864;Uromys_caudimaculatus_DT10Uc01;Uromys_sp-nov_YS380;Xeromys_myoides_ABTC30709;Zyzomys_argurus_ABTC61630;Zyzomys_maini_ABTC07900;Zyzomys_palatalis_ABTC30744;Zyzomys_pedunculatus_Z34925;Zyzomys_woodwardi_WAMM21724","internal",0.839470708027104,NA
233,"Conilurus_albipes_NMV-c7585;Conilurus_penicillatus_M14056;Leggadina_forresti_WAMM62323;Leggadina_lakedownensis_WAMM21623;Leporillus_apicalis_C90;Leporillus_conditor_ABTC13335;Mastacomys_fuscus_M13957;Melomys_rufescens_ABTC44798;Mesembriomys_gouldii_ABTC7449;Mesembriomys_macrurus_ABTC7337;Notomys_alexis_U1308;Notomys_aquilo_M-32455;Notomys_cervinus_M22857;Notomys_fuscus_M22830;Notomys_mitchellii_M21518;Pseudomys_albocinereus_WAMM18855;Pseudomys_apodemoides_M16672;Pseudomys_australis_M25541;Pseudomys_bolami_ABTC107389;Pseudomys_calabyi_U4324;Pseudomys_chapmani_WAMM29440;Pseudomys_delicatulus_U1509;Pseudomys_desertor_ABTC41464;Pseudomys_fumeus_ABTC08168;Pseudomys_gracilicaudatus_ABTC08163;Pseudomys_hermannsburgensis_ABTC08067;Pseudomys_higginsi_UC1421;Pseudomys_johnsoni_ABTC08053;Pseudomys_nanus_U1448;Pseudomys_novaehollandiae_ABTC08140;Pseudomys_occidentalis_ABTC08043;Pseudomys_oralis_RAT7;Pseudomys_patrius_JM10865;Pseudomys_shortridgei_Z25113;Solomys_salebrosus_ABTC64864;Uromys_caudimaculatus_DT10Uc01;Uromys_sp-nov_YS380;Zyzomys_argurus_ABTC61630;Zyzomys_maini_ABTC07900;Zyzomys_palatalis_ABTC30744;Zyzomys_pedunculatus_Z34925;Zyzomys_woodwardi_WAMM21724","internal",1.25874955068887,NA
234,"Leggadina_forresti_WAMM62323;Leggadina_lakedownensis_WAMM21623;Mastacomys_fuscus_M13957;Notomys_alexis_U1308;Notomys_aquilo_M-32455;Notomys_cervinus_M22857;Notomys_fuscus_M22830;Notomys_mitchellii_M21518;Pseudomys_albocinereus_WAMM18855;Pseudomys_apodemoides_M16672;Pseudomys_australis_M25541;Pseudomys_bolami_ABTC107389;Pseudomys_calabyi_U4324;Pseudomys_chapmani_WAMM29440;Pseudomys_delicatulus_U1509;Pseudomys_desertor_ABTC41464;Pseudomys_fumeus_ABTC08168;Pseudomys_gracilicaudatus_ABTC08163;Pseudomys_hermannsburgensis_ABTC08067;Pseudomys_higginsi_UC1421;Pseudomys_johnsoni_ABTC08053;Pseudomys_nanus_U1448;Pseudomys_novaehollandiae_ABTC08140;Pseudomys_occidentalis_ABTC08043;Pseudomys_oralis_RAT7;Pseudomys_patrius_JM10865;Pseudomys_shortridgei_Z25113;Zyzomys_argurus_ABTC61630;Zyzomys_maini_ABTC07900;Zyzomys_palatalis_ABTC30744;Zyzomys_pedunculatus_Z34925;Zyzomys_woodwardi_WAMM21724","internal",1.22526513631588,NA
235,"Zyzomys_argurus_ABTC61630;Zyzomys_maini_ABTC07900;Zyzomys_palatalis_ABTC30744;Zyzomys_pedunculatus_Z34925;Zyzomys_woodwardi_WAMM21724","internal",1.14484147285601,NA
236,"Zyzomys_pedunculatus_Z34925;Zyzomys_woodwardi_WAMM21724","internal",1.05586501743687,NA
237,"Zyzomys_argurus_ABTC61630;Zyzomys_maini_ABTC07900;Zyzomys_palatalis_ABTC30744","internal",1.05010923826696,NA
238,"Zyzomys_argurus_ABTC61630;Zyzomys_palatalis_ABTC30744","internal",1.01362719379802,NA
239,"Leggadina_forresti_WAMM62323;Leggadina_lakedownensis_WAMM21623;Mastacomys_fuscus_M13957;Notomys_alexis_U1308;Notomys_aquilo_M-32455;Notomys_cervinus_M22857;Notomys_fuscus_M22830;Notomys_mitchellii_M21518;Pseudomys_albocinereus_WAMM18855;Pseudomys_apodemoides_M16672;Pseudomys_australis_M25541;Pseudomys_bolami_ABTC107389;Pseudomys_calabyi_U4324;Pseudomys_chapmani_WAMM29440;Pseudomys_delicatulus_U1509;Pseudomys_desertor_ABTC41464;Pseudomys_fumeus_ABTC08168;Pseudomys_gracilicaudatus_ABTC08163;Pseudomys_hermannsburgensis_ABTC08067;Pseudomys_higginsi_UC1421;Pseudomys_johnsoni_ABTC08053;Pseudomys_nanus_U1448;Pseudomys_novaehollandiae_ABTC08140;Pseudomys_occidentalis_ABTC08043;Pseudomys_oralis_RAT7;Pseudomys_patrius_JM10865;Pseudomys_shortridgei_Z25113","internal",1.22303588969312,NA
240,"Mastacomys_fuscus_M13957;Notomys_alexis_U1308;Notomys_aquilo_M-32455;Notomys_cervinus_M22857;Notomys_fuscus_M22830;Notomys_mitchellii_M21518;Pseudomys_albocinereus_WAMM18855;Pseudomys_apodemoides_M16672;Pseudomys_australis_M25541;Pseudomys_bolami_ABTC107389;Pseudomys_calabyi_U4324;Pseudomys_chapmani_WAMM29440;Pseudomys_delicatulus_U1509;Pseudomys_desertor_ABTC41464;Pseudomys_fumeus_ABTC08168;Pseudomys_gracilicaudatus_ABTC08163;Pseudomys_hermannsburgensis_ABTC08067;Pseudomys_higginsi_UC1421;Pseudomys_johnsoni_ABTC08053;Pseudomys_nanus_U1448;Pseudomys_novaehollandiae_ABTC08140;Pseudomys_occidentalis_ABTC08043;Pseudomys_oralis_RAT7;Pseudomys_patrius_JM10865;Pseudomys_shortridgei_Z25113","internal",1.1853339480779,NA
241,"Mastacomys_fuscus_M13957;Pseudomys_albocinereus_WAMM18855;Pseudomys_apodemoides_M16672;Pseudomys_australis_M25541;Pseudomys_bolami_ABTC107389;Pseudomys_delicatulus_U1509;Pseudomys_desertor_ABTC41464;Pseudomys_fumeus_ABTC08168;Pseudomys_gracilicaudatus_ABTC08163;Pseudomys_hermannsburgensis_ABTC08067;Pseudomys_higginsi_UC1421;Pseudomys_nanus_U1448;Pseudomys_novaehollandiae_ABTC08140;Pseudomys_occidentalis_ABTC08043;Pseudomys_oralis_RAT7;Pseudomys_shortridgei_Z25113","internal",1.13350986615725,NA
242,"Mastacomys_fuscus_M13957;Pseudomys_albocinereus_WAMM18855;Pseudomys_apodemoides_M16672;Pseudomys_australis_M25541;Pseudomys_bolami_ABTC107389;Pseudomys_delicatulus_U1509;Pseudomys_desertor_ABTC41464;Pseudomys_fumeus_ABTC08168;Pseudomys_gracilicaudatus_ABTC08163;Pseudomys_hermannsburgensis_ABTC08067;Pseudomys_higginsi_UC1421;Pseudomys_nanus_U1448;Pseudomys_novaehollandiae_ABTC08140;Pseudomys_oralis_RAT7;Pseudomys_shortridgei_Z25113","internal",1.11276724000386,NA
243,"Mastacomys_fuscus_M13957;Pseudomys_australis_M25541;Pseudomys_bolami_ABTC107389;Pseudomys_delicatulus_U1509;Pseudomys_desertor_ABTC41464;Pseudomys_gracilicaudatus_ABTC08163;Pseudomys_hermannsburgensis_ABTC08067;Pseudomys_higginsi_UC1421;Pseudomys_nanus_U1448;Pseudomys_novaehollandiae_ABTC08140;Pseudomys_oralis_RAT7;Pseudomys_shortridgei_Z25113","internal",1.1040500966426,NA
244,"Mastacomys_fuscus_M13957;Pseudomys_australis_M25541;Pseudomys_bolami_ABTC107389;Pseudomys_delicatulus_U1509;Pseudomys_desertor_ABTC41464;Pseudomys_hermannsburgensis_ABTC08067;Pseudomys_higginsi_UC1421;Pseudomys_novaehollandiae_ABTC08140;Pseudomys_oralis_RAT7;Pseudomys_shortridgei_Z25113","internal",1.09567911987561,NA
245,"Pseudomys_desertor_ABTC41464;Pseudomys_oralis_RAT7;Pseudomys_shortridgei_Z25113","internal",1.07653510857494,NA
246,"Pseudomys_desertor_ABTC41464;Pseudomys_shortridgei_Z25113","internal",1.01552462453129,NA
247,"Mastacomys_fuscus_M13957;Pseudomys_australis_M25541;Pseudomys_bolami_ABTC107389;Pseudomys_delicatulus_U1509;Pseudomys_hermannsburgensis_ABTC08067;Pseudomys_higginsi_UC1421;Pseudomys_novaehollandiae_ABTC08140","internal",1.07442593028239,NA
248,"Mastacomys_fuscus_M13957;Pseudomys_bolami_ABTC107389;Pseudomys_delicatulus_U1509;Pseudomys_hermannsburgensis_ABTC08067;Pseudomys_higginsi_UC1421;Pseudomys_novaehollandiae_ABTC08140","internal",1.05212073165047,NA
249,"Pseudomys_bolami_ABTC107389;Pseudomys_delicatulus_U1509;Pseudomys_hermannsburgensis_ABTC08067;Pseudomys_higginsi_UC1421;Pseudomys_novaehollandiae_ABTC08140","internal",1.03957674355533,NA
250,"Pseudomys_bolami_ABTC107389;Pseudomys_delicatulus_U1509;Pseudomys_hermannsburgensis_ABTC08067;Pseudomys_novaehollandiae_ABTC08140","internal",1.01480194067521,NA
251,"Pseudomys_bolami_ABTC107389;Pseudomys_delicatulus_U1509;Pseudomys_novaehollandiae_ABTC08140","internal",0.988009585903774,NA
252,"Pseudomys_bolami_ABTC107389;Pseudomys_novaehollandiae_ABTC08140","internal",0.977729601187263,NA
253,"Pseudomys_gracilicaudatus_ABTC08163;Pseudomys_nanus_U1448","internal",1.03716904795279,NA
254,"Pseudomys_albocinereus_WAMM18855;Pseudomys_apodemoides_M16672;Pseudomys_fumeus_ABTC08168","internal",1.0915112508848,NA
255,"Pseudomys_albocinereus_WAMM18855;Pseudomys_apodemoides_M16672","internal",1.02752082294192,NA
256,"Notomys_alexis_U1308;Notomys_aquilo_M-32455;Notomys_cervinus_M22857;Notomys_fuscus_M22830;Notomys_mitchellii_M21518;Pseudomys_calabyi_U4324;Pseudomys_chapmani_WAMM29440;Pseudomys_johnsoni_ABTC08053;Pseudomys_patrius_JM10865","internal",1.13830187326635,NA
257,"Notomys_alexis_U1308;Notomys_aquilo_M-32455;Notomys_cervinus_M22857;Notomys_fuscus_M22830;Notomys_mitchellii_M21518","internal",1.10074284512645,NA
258,"Notomys_alexis_U1308;Notomys_aquilo_M-32455;Notomys_fuscus_M22830;Notomys_mitchellii_M21518","internal",1.03104574002255,NA
259,"Notomys_alexis_U1308;Notomys_aquilo_M-32455;Notomys_fuscus_M22830","internal",0.986445417772689,NA
260,"Notomys_alexis_U1308;Notomys_aquilo_M-32455","internal",0.979492054347572,NA
261,"Pseudomys_calabyi_U4324;Pseudomys_chapmani_WAMM29440;Pseudomys_johnsoni_ABTC08053;Pseudomys_patrius_JM10865","internal",1.07706932413469,NA
262,"Pseudomys_chapmani_WAMM29440;Pseudomys_johnsoni_ABTC08053;Pseudomys_patrius_JM10865","internal",1.02327057187358,NA
263,"Pseudomys_johnsoni_ABTC08053;Pseudomys_patrius_JM10865","internal",1.00348530390628,NA
264,"Leggadina_forresti_WAMM62323;Leggadina_lakedownensis_WAMM21623","internal",1.09198187353513,NA
265,"Conilurus_albipes_NMV-c7585;Conilurus_penicillatus_M14056;Leporillus_apicalis_C90;Leporillus_conditor_ABTC13335;Melomys_rufescens_ABTC44798;Mesembriomys_gouldii_ABTC7449;Mesembriomys_macrurus_ABTC7337;Solomys_salebrosus_ABTC64864;Uromys_caudimaculatus_DT10Uc01;Uromys_sp-nov_YS380","internal",1.20549785182276,NA
266,"Melomys_rufescens_ABTC44798;Solomys_salebrosus_ABTC64864;Uromys_caudimaculatus_DT10Uc01;Uromys_sp-nov_YS380","internal",1.16439484861314,NA
267,"Melomys_rufescens_ABTC44798;Solomys_salebrosus_ABTC64864","internal",1.08847372864974,NA
268,"Uromys_caudimaculatus_DT10Uc01;Uromys_sp-nov_YS380","internal",1.05738793098672,NA
269,"Conilurus_albipes_NMV-c7585;Conilurus_penicillatus_M14056;Leporillus_apicalis_C90;Leporillus_conditor_ABTC13335;Mesembriomys_gouldii_ABTC7449;Mesembriomys_macrurus_ABTC7337","internal",1.14069230176874,NA
270,"Conilurus_albipes_NMV-c7585;Conilurus_penicillatus_M14056;Mesembriomys_gouldii_ABTC7449;Mesembriomys_macrurus_ABTC7337","internal",1.08440776341569,NA
271,"Mesembriomys_gouldii_ABTC7449;Mesembriomys_macrurus_ABTC7337","internal",1.03511844188371,NA
272,"Conilurus_albipes_NMV-c7585;Conilurus_penicillatus_M14056","internal",1.05934772673028,NA
273,"Leporillus_apicalis_C90;Leporillus_conditor_ABTC13335","internal",1.07619606087592,NA
274,"Crossomys_moncktoni_ABTC46614;Hydromys_chrysogaster_Z5248;Leptomys_elegans_ABTC45741;Microhydromys_richardsoni_ANWCM35851;Mirzamys_louiseae_ABTC133754;Parahydromys_asper_ABTC45798;Paraleptomys_wilhelmina_H126-ABTC133716;Pseudohydromys_pumehanae_ABTC43920;Xeromys_myoides_ABTC30709","internal",1.20719614426234,NA
275,"Leptomys_elegans_ABTC45741;Microhydromys_richardsoni_ANWCM35851;Mirzamys_louiseae_ABTC133754;Paraleptomys_wilhelmina_H126-ABTC133716;Pseudohydromys_pumehanae_ABTC43920;Xeromys_myoides_ABTC30709","internal",1.11933558845974,NA
276,"Leptomys_elegans_ABTC45741;Mirzamys_louiseae_ABTC133754;Paraleptomys_wilhelmina_H126-ABTC133716","internal",1.09977180593352,NA
277,"Leptomys_elegans_ABTC45741;Mirzamys_louiseae_ABTC133754","internal",1.08049474316595,NA
278,"Microhydromys_richardsoni_ANWCM35851;Pseudohydromys_pumehanae_ABTC43920;Xeromys_myoides_ABTC30709","internal",1.10230325564787,NA
279,"Microhydromys_richardsoni_ANWCM35851;Pseudohydromys_pumehanae_ABTC43920","internal",1.06655897660694,NA
280,"Crossomys_moncktoni_ABTC46614;Hydromys_chrysogaster_Z5248;Parahydromys_asper_ABTC45798","internal",1.07496427565725,NA
281,"Hydromys_chrysogaster_Z5248;Parahydromys_asper_ABTC45798","internal",0.995163788328781,NA
282,"Abeomelomys_sevia_KUM161018;Mallomys_rothschildi_ABTC47402;Mammelomys_lanosus_ABTC47208;Pogonomelomys_mayeri_AMM21849;Xenuromys_barbatus_ABTC129204","internal",0.485551318541783,NA
283,"Abeomelomys_sevia_KUM161018;Mallomys_rothschildi_ABTC47402;Pogonomelomys_mayeri_AMM21849","internal",0.48763426002501,NA
284,"Abeomelomys_sevia_KUM161018;Pogonomelomys_mayeri_AMM21849","internal",0.489564985509349,NA
285,"Mammelomys_lanosus_ABTC47208;Xenuromys_barbatus_ABTC129204","internal",0.488127839203106,NA
286,"Anisomys_imitator_ABTC45107;Chiruromys_vates_ABTC43096;Hyomys_goliath_ABTC42697;Lorentzimys_nouhuysi_ABTC-46314;Macruromys_major_ABTC43909;Pogonomys_macrourus_ABTC43144","internal",0.484099583476211,NA
287,"Chiruromys_vates_ABTC43096;Hyomys_goliath_ABTC42697;Lorentzimys_nouhuysi_ABTC-46314;Macruromys_major_ABTC43909;Pogonomys_macrourus_ABTC43144","internal",0.484592672895109,NA
288,"Chiruromys_vates_ABTC43096;Hyomys_goliath_ABTC42697;Macruromys_major_ABTC43909;Pogonomys_macrourus_ABTC43144","internal",0.484898806972046,NA
289,"Chiruromys_vates_ABTC43096;Hyomys_goliath_ABTC42697;Pogonomys_macrourus_ABTC43144","internal",0.485351412648433,NA
290,"Hyomys_goliath_ABTC42697;Pogonomys_macrourus_ABTC43144","internal",0.485889204362166,NA
291,"Apomys_lubangensis_JAE169;Archboldomys_luzonensis_EAR1826;Chrotomys_mindorensis_JAE520;Chrotomys_whiteheadi_KU168311;Rhynchomys_isarogensis_JAE2195","internal",0.484501946406507,NA
292,"Archboldomys_luzonensis_EAR1826;Chrotomys_mindorensis_JAE520;Chrotomys_whiteheadi_KU168311;Rhynchomys_isarogensis_JAE2195","internal",0.488023821903796,NA
293,"Chrotomys_mindorensis_JAE520;Chrotomys_whiteheadi_KU168311;Rhynchomys_isarogensis_JAE2195","internal",0.489440636843167,NA
294,"Chrotomys_mindorensis_JAE520;Chrotomys_whiteheadi_KU168311","internal",0.493152439669725,NA
295,"Anonymomys_mindorensis_FMNH2222010;Bandicota_indica_ABTC119185;Berylmys_bowersi_ABTC116431;Berylmys_mackenziei_ABTC116402;Bullimus_bagobus_JAE1712;Bunomys_andrewsi_sample1;Bunomys_chrysocomus_JAE4867;Bunomys_torajae_NMVZ21736;Crunomys_celebensis_Z21894;Crunomys_melanius_KU168558;Echiothrix_centrosa_Z27993;Eropeplus_canus_NMVZ21733;Gracilimus_radix_Z08508;Halmaheramys_bokimekot_33262-WD225;Hyorhinomys_stuempkei_JAE4661;Kadarsanomys_sodyi_MZB-Sample;Lenomys_meyeri_LSUMZ39079;Leopoldomys_sabanus_Z25191;Limnomys_sibuanus_FMNH147948;Margaretamys_christinae_TMar1;Margaretamys_parvus_NMVZ21833;Maxomys_musschenbroekii_sample1;Maxomys_surifer_JAE3632;Melasmothrix_naso_Z21808;Nesokia_indica_ABTC117074;Niviventer_bukit_LSUMZ38136;Niviventer_lepturus_JAE4746;Niviventer_rapit_LSUMZ38196;Papagomys_armandvillei_WAMM32592;Paucidentomys_vermidax_Z21914;Rattus_argentiventer_LSUMZ38199;Rattus_colletti_RAT25;Rattus_exulans_sample1;Rattus_hoffmanni_LSUMZ39187;Rattus_leucopus_sample1;Rattus_lutreolus_sample2;Rattus_morotaiensis_ASAM29;Rattus_praetor_sample1;Rattus_tunneyi_RAT130;Rattus_villosissimus_sample1;Rattus_xanthurus_LSUMZ39196;rnor6;Saxatilomys_paulinae_ABTC116266;Sommeromys_macrorhinos_Z21740;Sundamys_annandalei_YS118;Sundamys_muelleri_JAE1283;Taeromys_callitrichus_LSUMZ37153;Taeromys_celebensis_NMVZ20637;Taeromys_hamatus_NMVZ63317;Taeromys_punicans_MVZ225815;Taeromys_taerae_LSUMZ39224;Tarsomys_apoensis_KU167148;Tateomys_macrocercus_Z21834;Tateomys_rhinogradoides_Z21785;Waiomys_mamasae_Z20624","internal",0.474127695898239,NA
296,"Anonymomys_mindorensis_FMNH2222010;Bandicota_indica_ABTC119185;Berylmys_bowersi_ABTC116431;Berylmys_mackenziei_ABTC116402;Bullimus_bagobus_JAE1712;Bunomys_andrewsi_sample1;Bunomys_chrysocomus_JAE4867;Bunomys_torajae_NMVZ21736;Echiothrix_centrosa_Z27993;Eropeplus_canus_NMVZ21733;Gracilimus_radix_Z08508;Halmaheramys_bokimekot_33262-WD225;Hyorhinomys_stuempkei_JAE4661;Kadarsanomys_sodyi_MZB-Sample;Lenomys_meyeri_LSUMZ39079;Leopoldomys_sabanus_Z25191;Limnomys_sibuanus_FMNH147948;Margaretamys_christinae_TMar1;Margaretamys_parvus_NMVZ21833;Melasmothrix_naso_Z21808;Nesokia_indica_ABTC117074;Niviventer_bukit_LSUMZ38136;Niviventer_lepturus_JAE4746;Niviventer_rapit_LSUMZ38196;Papagomys_armandvillei_WAMM32592;Paucidentomys_vermidax_Z21914;Rattus_argentiventer_LSUMZ38199;Rattus_colletti_RAT25;Rattus_exulans_sample1;Rattus_hoffmanni_LSUMZ39187;Rattus_leucopus_sample1;Rattus_lutreolus_sample2;Rattus_morotaiensis_ASAM29;Rattus_praetor_sample1;Rattus_tunneyi_RAT130;Rattus_villosissimus_sample1;Rattus_xanthurus_LSUMZ39196;rnor6;Saxatilomys_paulinae_ABTC116266;Sommeromys_macrorhinos_Z21740;Sundamys_annandalei_YS118;Sundamys_muelleri_JAE1283;Taeromys_callitrichus_LSUMZ37153;Taeromys_celebensis_NMVZ20637;Taeromys_hamatus_NMVZ63317;Taeromys_punicans_MVZ225815;Taeromys_taerae_LSUMZ39224;Tarsomys_apoensis_KU167148;Tateomys_macrocercus_Z21834;Tateomys_rhinogradoides_Z21785;Waiomys_mamasae_Z20624","internal",0.481924152673842,NA
297,"Anonymomys_mindorensis_FMNH2222010;Bandicota_indica_ABTC119185;Berylmys_bowersi_ABTC116431;Berylmys_mackenziei_ABTC116402;Bullimus_bagobus_JAE1712;Bunomys_andrewsi_sample1;Bunomys_chrysocomus_JAE4867;Bunomys_torajae_NMVZ21736;Eropeplus_canus_NMVZ21733;Halmaheramys_bokimekot_33262-WD225;Kadarsanomys_sodyi_MZB-Sample;Lenomys_meyeri_LSUMZ39079;Leopoldomys_sabanus_Z25191;Limnomys_sibuanus_FMNH147948;Margaretamys_christinae_TMar1;Margaretamys_parvus_NMVZ21833;Nesokia_indica_ABTC117074;Niviventer_bukit_LSUMZ38136;Niviventer_lepturus_JAE4746;Niviventer_rapit_LSUMZ38196;Papagomys_armandvillei_WAMM32592;Rattus_argentiventer_LSUMZ38199;Rattus_colletti_RAT25;Rattus_exulans_sample1;Rattus_hoffmanni_LSUMZ39187;Rattus_leucopus_sample1;Rattus_lutreolus_sample2;Rattus_morotaiensis_ASAM29;Rattus_praetor_sample1;Rattus_tunneyi_RAT130;Rattus_villosissimus_sample1;Rattus_xanthurus_LSUMZ39196;rnor6;Saxatilomys_paulinae_ABTC116266;Sundamys_annandalei_YS118;Sundamys_muelleri_JAE1283;Taeromys_callitrichus_LSUMZ37153;Taeromys_celebensis_NMVZ20637;Taeromys_hamatus_NMVZ63317;Taeromys_punicans_MVZ225815;Taeromys_taerae_LSUMZ39224;Tarsomys_apoensis_KU167148","internal",0.484665556306552,NA
298,"Bandicota_indica_ABTC119185;Berylmys_bowersi_ABTC116431;Berylmys_mackenziei_ABTC116402;Bullimus_bagobus_JAE1712;Bunomys_andrewsi_sample1;Bunomys_chrysocomus_JAE4867;Bunomys_torajae_NMVZ21736;Eropeplus_canus_NMVZ21733;Halmaheramys_bokimekot_33262-WD225;Kadarsanomys_sodyi_MZB-Sample;Lenomys_meyeri_LSUMZ39079;Limnomys_sibuanus_FMNH147948;Nesokia_indica_ABTC117074;Papagomys_armandvillei_WAMM32592;Rattus_argentiventer_LSUMZ38199;Rattus_colletti_RAT25;Rattus_exulans_sample1;Rattus_hoffmanni_LSUMZ39187;Rattus_leucopus_sample1;Rattus_lutreolus_sample2;Rattus_morotaiensis_ASAM29;Rattus_praetor_sample1;Rattus_tunneyi_RAT130;Rattus_villosissimus_sample1;Rattus_xanthurus_LSUMZ39196;rnor6;Sundamys_annandalei_YS118;Sundamys_muelleri_JAE1283;Taeromys_callitrichus_LSUMZ37153;Taeromys_celebensis_NMVZ20637;Taeromys_hamatus_NMVZ63317;Taeromys_punicans_MVZ225815;Taeromys_taerae_LSUMZ39224;Tarsomys_apoensis_KU167148","internal",0.874673865187732,NA
299,"Bandicota_indica_ABTC119185;Bullimus_bagobus_JAE1712;Bunomys_andrewsi_sample1;Bunomys_chrysocomus_JAE4867;Bunomys_torajae_NMVZ21736;Eropeplus_canus_NMVZ21733;Halmaheramys_bokimekot_33262-WD225;Kadarsanomys_sodyi_MZB-Sample;Lenomys_meyeri_LSUMZ39079;Limnomys_sibuanus_FMNH147948;Nesokia_indica_ABTC117074;Papagomys_armandvillei_WAMM32592;Rattus_argentiventer_LSUMZ38199;Rattus_colletti_RAT25;Rattus_exulans_sample1;Rattus_hoffmanni_LSUMZ39187;Rattus_leucopus_sample1;Rattus_lutreolus_sample2;Rattus_morotaiensis_ASAM29;Rattus_praetor_sample1;Rattus_tunneyi_RAT130;Rattus_villosissimus_sample1;Rattus_xanthurus_LSUMZ39196;rnor6;Sundamys_annandalei_YS118;Sundamys_muelleri_JAE1283;Taeromys_callitrichus_LSUMZ37153;Taeromys_celebensis_NMVZ20637;Taeromys_hamatus_NMVZ63317;Taeromys_punicans_MVZ225815;Taeromys_taerae_LSUMZ39224;Tarsomys_apoensis_KU167148","internal",1.43539821485368,NA
300,"Bandicota_indica_ABTC119185;Kadarsanomys_sodyi_MZB-Sample;Limnomys_sibuanus_FMNH147948;Nesokia_indica_ABTC117074;Rattus_argentiventer_LSUMZ38199;Rattus_colletti_RAT25;Rattus_exulans_sample1;Rattus_hoffmanni_LSUMZ39187;Rattus_leucopus_sample1;Rattus_lutreolus_sample2;Rattus_morotaiensis_ASAM29;Rattus_praetor_sample1;Rattus_tunneyi_RAT130;Rattus_villosissimus_sample1;Rattus_xanthurus_LSUMZ39196;rnor6;Tarsomys_apoensis_KU167148","internal",1.40631570421681,NA
301,"Kadarsanomys_sodyi_MZB-Sample;Limnomys_sibuanus_FMNH147948;Rattus_argentiventer_LSUMZ38199;Rattus_colletti_RAT25;Rattus_exulans_sample1;Rattus_hoffmanni_LSUMZ39187;Rattus_leucopus_sample1;Rattus_lutreolus_sample2;Rattus_morotaiensis_ASAM29;Rattus_praetor_sample1;Rattus_tunneyi_RAT130;Rattus_villosissimus_sample1;Rattus_xanthurus_LSUMZ39196;rnor6;Tarsomys_apoensis_KU167148","internal",1.39304771293664,NA
302,"Rattus_argentiventer_LSUMZ38199;Rattus_exulans_sample1;Rattus_hoffmanni_LSUMZ39187;rnor6","internal",1.38033051632812,NA
303,"Rattus_argentiventer_LSUMZ38199;Rattus_hoffmanni_LSUMZ39187;rnor6","internal",1.37015004480264,NA
304,"Rattus_argentiventer_LSUMZ38199;Rattus_hoffmanni_LSUMZ39187","internal",1.35147788324353,NA
305,"Kadarsanomys_sodyi_MZB-Sample;Limnomys_sibuanus_FMNH147948;Rattus_colletti_RAT25;Rattus_leucopus_sample1;Rattus_lutreolus_sample2;Rattus_morotaiensis_ASAM29;Rattus_praetor_sample1;Rattus_tunneyi_RAT130;Rattus_villosissimus_sample1;Rattus_xanthurus_LSUMZ39196;Tarsomys_apoensis_KU167148","internal",1.38397956867494,NA
306,"Limnomys_sibuanus_FMNH147948;Rattus_colletti_RAT25;Rattus_leucopus_sample1;Rattus_lutreolus_sample2;Rattus_morotaiensis_ASAM29;Rattus_praetor_sample1;Rattus_tunneyi_RAT130;Rattus_villosissimus_sample1;Rattus_xanthurus_LSUMZ39196;Tarsomys_apoensis_KU167148","internal",1.3728295951081,NA
307,"Limnomys_sibuanus_FMNH147948;Tarsomys_apoensis_KU167148","internal",1.35167851098756,NA
308,"Rattus_colletti_RAT25;Rattus_leucopus_sample1;Rattus_lutreolus_sample2;Rattus_morotaiensis_ASAM29;Rattus_praetor_sample1;Rattus_tunneyi_RAT130;Rattus_villosissimus_sample1;Rattus_xanthurus_LSUMZ39196","internal",1.35063417946895,NA
309,"Rattus_colletti_RAT25;Rattus_leucopus_sample1;Rattus_lutreolus_sample2;Rattus_morotaiensis_ASAM29;Rattus_praetor_sample1;Rattus_tunneyi_RAT130;Rattus_villosissimus_sample1","internal",1.33034418191339,NA
310,"Rattus_colletti_RAT25;Rattus_leucopus_sample1;Rattus_lutreolus_sample2;Rattus_praetor_sample1;Rattus_tunneyi_RAT130;Rattus_villosissimus_sample1","internal",1.32423956021557,NA
311,"Rattus_colletti_RAT25;Rattus_lutreolus_sample2;Rattus_tunneyi_RAT130;Rattus_villosissimus_sample1","internal",1.32182844573313,NA
312,"Rattus_colletti_RAT25;Rattus_tunneyi_RAT130;Rattus_villosissimus_sample1","internal",1.31929392512118,NA
313,"Rattus_colletti_RAT25;Rattus_villosissimus_sample1","internal",1.30916505808062,NA
314,"Rattus_leucopus_sample1;Rattus_praetor_sample1","internal",1.32158467870155,NA
315,"Bandicota_indica_ABTC119185;Nesokia_indica_ABTC117074","internal",1.36379958698427,NA
316,"Bullimus_bagobus_JAE1712;Bunomys_andrewsi_sample1;Bunomys_chrysocomus_JAE4867;Bunomys_torajae_NMVZ21736;Eropeplus_canus_NMVZ21733;Halmaheramys_bokimekot_33262-WD225;Lenomys_meyeri_LSUMZ39079;Papagomys_armandvillei_WAMM32592;Sundamys_annandalei_YS118;Sundamys_muelleri_JAE1283;Taeromys_callitrichus_LSUMZ37153;Taeromys_celebensis_NMVZ20637;Taeromys_hamatus_NMVZ63317;Taeromys_punicans_MVZ225815;Taeromys_taerae_LSUMZ39224","internal",1.40528490547486,NA
317,"Bullimus_bagobus_JAE1712;Bunomys_andrewsi_sample1;Bunomys_chrysocomus_JAE4867;Bunomys_torajae_NMVZ21736;Eropeplus_canus_NMVZ21733;Halmaheramys_bokimekot_33262-WD225;Lenomys_meyeri_LSUMZ39079;Papagomys_armandvillei_WAMM32592;Taeromys_callitrichus_LSUMZ37153;Taeromys_celebensis_NMVZ20637;Taeromys_hamatus_NMVZ63317;Taeromys_punicans_MVZ225815;Taeromys_taerae_LSUMZ39224","internal",1.39069642936306,NA
318,"Bunomys_andrewsi_sample1;Bunomys_chrysocomus_JAE4867;Bunomys_torajae_NMVZ21736;Eropeplus_canus_NMVZ21733;Halmaheramys_bokimekot_33262-WD225;Lenomys_meyeri_LSUMZ39079;Papagomys_armandvillei_WAMM32592;Taeromys_callitrichus_LSUMZ37153;Taeromys_celebensis_NMVZ20637;Taeromys_hamatus_NMVZ63317;Taeromys_punicans_MVZ225815;Taeromys_taerae_LSUMZ39224","internal",1.38141527251971,NA
319,"Bunomys_andrewsi_sample1;Bunomys_chrysocomus_JAE4867;Bunomys_torajae_NMVZ21736;Eropeplus_canus_NMVZ21733;Halmaheramys_bokimekot_33262-WD225;Lenomys_meyeri_LSUMZ39079;Taeromys_callitrichus_LSUMZ37153;Taeromys_celebensis_NMVZ20637;Taeromys_hamatus_NMVZ63317;Taeromys_punicans_MVZ225815;Taeromys_taerae_LSUMZ39224","internal",1.37354552890862,NA
320,"Bunomys_andrewsi_sample1;Bunomys_chrysocomus_JAE4867;Bunomys_torajae_NMVZ21736;Eropeplus_canus_NMVZ21733;Lenomys_meyeri_LSUMZ39079;Taeromys_callitrichus_LSUMZ37153;Taeromys_celebensis_NMVZ20637;Taeromys_hamatus_NMVZ63317;Taeromys_punicans_MVZ225815;Taeromys_taerae_LSUMZ39224","internal",1.3659397013416,NA
321,"Eropeplus_canus_NMVZ21733;Lenomys_meyeri_LSUMZ39079;Taeromys_callitrichus_LSUMZ37153;Taeromys_celebensis_NMVZ20637;Taeromys_hamatus_NMVZ63317;Taeromys_punicans_MVZ225815;Taeromys_taerae_LSUMZ39224","internal",1.35892161194252,NA
322,"Eropeplus_canus_NMVZ21733;Lenomys_meyeri_LSUMZ39079;Taeromys_celebensis_NMVZ20637","internal",1.34900540683685,NA
323,"Eropeplus_canus_NMVZ21733;Lenomys_meyeri_LSUMZ39079","internal",1.33833796806618,NA
324,"Taeromys_callitrichus_LSUMZ37153;Taeromys_hamatus_NMVZ63317;Taeromys_punicans_MVZ225815;Taeromys_taerae_LSUMZ39224","internal",1.34531194348391,NA
325,"Taeromys_callitrichus_LSUMZ37153;Taeromys_punicans_MVZ225815","internal",1.31509184018198,NA
326,"Taeromys_hamatus_NMVZ63317;Taeromys_taerae_LSUMZ39224","internal",1.32860895197765,NA
327,"Bunomys_andrewsi_sample1;Bunomys_chrysocomus_JAE4867;Bunomys_torajae_NMVZ21736","internal",1.34791772288059,NA
328,"Bunomys_chrysocomus_JAE4867;Bunomys_torajae_NMVZ21736","internal",1.33220048973575,NA
329,"Sundamys_annandalei_YS118;Sundamys_muelleri_JAE1283","internal",1.37328035234452,NA
330,"Berylmys_bowersi_ABTC116431;Berylmys_mackenziei_ABTC116402","internal",1.3752506813878,NA
331,"Anonymomys_mindorensis_FMNH2222010;Leopoldomys_sabanus_Z25191;Margaretamys_christinae_TMar1;Margaretamys_parvus_NMVZ21833;Niviventer_bukit_LSUMZ38136;Niviventer_lepturus_JAE4746;Niviventer_rapit_LSUMZ38196;Saxatilomys_paulinae_ABTC116266","internal",0.48624881615836,NA
332,"Anonymomys_mindorensis_FMNH2222010;Leopoldomys_sabanus_Z25191;Margaretamys_christinae_TMar1;Margaretamys_parvus_NMVZ21833;Niviventer_bukit_LSUMZ38136;Niviventer_lepturus_JAE4746;Niviventer_rapit_LSUMZ38196","internal",0.488424312641769,NA
333,"Anonymomys_mindorensis_FMNH2222010;Leopoldomys_sabanus_Z25191;Niviventer_bukit_LSUMZ38136;Niviventer_lepturus_JAE4746;Niviventer_rapit_LSUMZ38196","internal",0.489294968710276,NA
334,"Anonymomys_mindorensis_FMNH2222010;Niviventer_bukit_LSUMZ38136;Niviventer_lepturus_JAE4746;Niviventer_rapit_LSUMZ38196","internal",0.489785128161154,NA
335,"Niviventer_bukit_LSUMZ38136;Niviventer_lepturus_JAE4746;Niviventer_rapit_LSUMZ38196","internal",0.491349835392116,NA
336,"Niviventer_bukit_LSUMZ38136;Niviventer_rapit_LSUMZ38196","internal",0.494937291791847,NA
337,"Margaretamys_christinae_TMar1;Margaretamys_parvus_NMVZ21833","internal",0.491356152266942,NA
338,"Echiothrix_centrosa_Z27993;Gracilimus_radix_Z08508;Hyorhinomys_stuempkei_JAE4661;Melasmothrix_naso_Z21808;Paucidentomys_vermidax_Z21914;Sommeromys_macrorhinos_Z21740;Tateomys_macrocercus_Z21834;Tateomys_rhinogradoides_Z21785;Waiomys_mamasae_Z20624","internal",0.486604446175193,NA
339,"Echiothrix_centrosa_Z27993;Melasmothrix_naso_Z21808;Paucidentomys_vermidax_Z21914;Tateomys_macrocercus_Z21834;Tateomys_rhinogradoides_Z21785","internal",0.489242714445206,NA
340,"Echiothrix_centrosa_Z27993;Paucidentomys_vermidax_Z21914","internal",0.490381998779754,NA
341,"Melasmothrix_naso_Z21808;Tateomys_macrocercus_Z21834;Tateomys_rhinogradoides_Z21785","internal",0.491442999241947,NA
342,"Melasmothrix_naso_Z21808;Tateomys_macrocercus_Z21834","internal",0.493205089893194,NA
343,"Gracilimus_radix_Z08508;Hyorhinomys_stuempkei_JAE4661;Sommeromys_macrorhinos_Z21740;Waiomys_mamasae_Z20624","internal",0.488716049356302,NA
344,"Gracilimus_radix_Z08508;Sommeromys_macrorhinos_Z21740;Waiomys_mamasae_Z20624","internal",0.488894384654229,NA
345,"Gracilimus_radix_Z08508;Waiomys_mamasae_Z20624","internal",0.491421010804793,NA
346,"Crunomys_celebensis_Z21894;Crunomys_melanius_KU168558;Maxomys_musschenbroekii_sample1;Maxomys_surifer_JAE3632","internal",0.482723100799879,NA
347,"Crunomys_celebensis_Z21894;Crunomys_melanius_KU168558;Maxomys_musschenbroekii_sample1","internal",0.487663506875533,NA
348,"Crunomys_celebensis_Z21894;Crunomys_melanius_KU168558","internal",0.492001994537535,NA
349,"Batomys_russatus_KU165776;Carpomys_melanurus_FMNH198723;Crateromys_heaneyi_KU165014;Musseromys_anacuao_FMNH209523;Phloeomys_cumingi_FMNH198472;Phloeomys_pallidus_JEC43","internal",0.47071800391156,NA
350,"Phloeomys_cumingi_FMNH198472;Phloeomys_pallidus_JEC43","internal",0.486115093286286,NA
351,"Batomys_russatus_KU165776;Carpomys_melanurus_FMNH198723;Crateromys_heaneyi_KU165014;Musseromys_anacuao_FMNH209523","internal",0.479572532197074,NA
352,"Carpomys_melanurus_FMNH198723;Musseromys_anacuao_FMNH209523","internal",0.485842139359234,NA
353,"Batomys_russatus_KU165776;Crateromys_heaneyi_KU165014","internal",0.484425698051901,NA
