Species,Locomotor_State,"Adult_Mass(g)",Total_Length(mm),Head-Body_Length(mm),Tail_Length(mm),Hind_Foot_Length(mm),Relative_Tail_Length,Relative_Hind_Foot_Length,Source (Author; Title; Year),,,,,,,,,,,
Abditomys_latidens,Arboreal,268.545,480.5,224,256.5,46,0.533818939,1.145089286,"Heaney et al 2016,  Nowak 1991",,,,,,,,,,,
Abeomelomys_sevia,Arboreal,55.69,300.5,127.5,173,24.8,0.575707155,1.356862745,"Flannery 1995a, Musser & Newcomb 1983",,,,,,,,,,,
Aethomys_bocagei,Terrestrial,79.89,354,165,189,36,0.533898305,1.145454545,"Kingdon et al 2013, Wilman et al 2014",,,,,,,,,,,
Aethomys_chrysophilus,General,77.925,294,138,156,31,0.530612245,1.130434783,Kingdon et al 2013,,,,,,,,,,,
Aethomys_granti,Terrestrial,NA,228.6,111.8,116.8,24.1,0.510936133,1.044722719,Kingdon et al 2013,,,,,,,,,,,
Aethomys_hindei,Terrestrial,149.075,314,158,156,32,0.496815287,0.987341772,Kingdon et al 2013,,,,,,,,,,,
Aethomys_ineptus,Terrestrial,107.58,309,147,162,30,0.524271845,1.102040816,"Kingdon et al 2013, IUCN 2017",,,,,,,,,,,
Aethomys_kaiseri,Terrestrial,92.745,266.2,146.5,119.7,25.2,0.449661908,0.817064846,Kingdon et al 2013,,,,,,,,,,,
Aethomys_namaquensis,General,51.7,259.3,107.5,151.8,25.3,0.585422291,1.412093023,Kingdon et al 2013,,,,,,,,,,,
Aethomys_nyikae,Terrestrial,90.2,309.2,143.4,165.8,28.6,0.53622251,1.156206416,Kingdon et al 2013,,,,,,,,,,,
Aethomys_silindensis,Terrestrial,82.76,351.3,173.6,177.7,33.6,0.505835468,1.023617512,"Kingdon et al 2013, IUCN 2017, Wilman et al 2014",,,,,,,,,,,
Aethomys_stannarius,Terrestrial,92,300,148,152,31,0.506666667,1.027027027,"Kingdon et al 2013, IUCN 2017",,,,,,,,,,,
Aethomys_thomasi,Terrestrial,84.69,274,150,124,29,0.452554745,0.826666667,"Kingdon et al 2013, IUCN 2017, Wilman et al 2014",,,,,,,,,,,
Anisomys_imitator,Arboreal,502.25,585.8,264.6,321.2,61.1,0.548310003,1.213907785,"Flannery 1995a,  Nowak 1991",,,,,,,,,,,
Apodemus_agrarius,Terrestrial,21.505,169.2,96.3,72.9,19.4,0.430851064,0.757009346,Kuncová & Frynta 2009,,,,,,,,,,,
Apodemus_alpicola,General,28.3,NA,NA,NA,NA,,,"Reutter et al 2005",,,,,,,,,,,
Apodemus_argenteus,Arboreal,23.8,NA,NA,NA,NA,,," Sekijima 1995",,,,,,,,,,,
Apodemus_chevrieri,General,32.9,193,99,94,23.5,0.487046632,0.949494949,"Nowak 1991, Wilman et al 2014",,,,,,,,,,,
Apodemus_draco,General,23.8,202.5,92.5,110,22.5,0.543209877,1.189189189,"Nowak 1991,  Francis & Barrett 2008",,,,,,,,,,,
Apodemus_flavicollis,General,29.95,NA,NA,NA,NA,,,Kuncová & Frynta 2009,,,,,,,,,,,
Apodemus_gurkha,General,28.3,NA,NA,NA,NA,,,Nowak 1991,,,,,,,,,,,
Apodemus_hyrcanicus,Terrestrial,25.76,NA,NA,NA,NA,,,"IUNC 2017, Gromov & Erbaeva. 1995, Wilman et al 2014",,,,,,,,,,,
Apodemus_latronum,General,28.3,212.5,102.5,110,25.5,0.517647059,1.073170732,"Nowak 1991, Francis and Barrett 2008, Xiao et al 2006",,,,,,,,,,,
Apodemus_mystacinus,Terrestrial,41.07,236.5,114.6,121.9,26.4,0.515433404,1.063699825,Kuncová & Frynta 2009,,,,,,,,,,,
Apodemus_pallipes,Terrestrial,23.8,181,91,90,20.5,0.497237569,0.989010989,"Smith and Xie 2013, Wilman et al 2014",,,,,,,,,,,
Apodemus_peninsulae,General,28.3,188,99,89,22,0.473404255,0.898989899,Nowak 1991 ,,,,,,,,,,,
Apodemus_ponticus,Terrestrial,28.3,191.19,89.86,101.33,22.71,0.529996339,1.127643,Mohammadi et al 2014,,,,,,,,,,,
Apodemus_semotus,Terrestrial,25.29,238.7,116.8,121.9,26.4,0.510682866,1.043664384,Smith and Xie 2013,,,,,,,,,,,
Apodemus_speciosus,Terrestrial,38.775,211.7,111.2,100.5,24,0.474728389,0.903776978,Sekijima 1995,,,,,,,,,,,
Apodemus_sylvaticus,General,23.33333333,188.7,96.5,92.2,22,0.488606253,0.955440415,"Kingdon et al 2013, Kuncová & Frynta 2009",,,,,,,,,,,
Apodemus_uralensis,General,21.03,183.5,93.5,90,20,0.490463215,0.962566845,"Smith and Xie 2013, Heroldová & Tkadlec 2011",,,,,,,,,,,
Apodemus_witherbyi,Terrestrial,20.66,NA,NA,NA,NA,,,"IUNC 2017, Kuncova and Frenta 2009",,,,,,,,,,,
Apomys_abrae,Terrestrial,51.94,274.5,140,134.5,36.5,0.489981785,0.960714286,"Heaney et al 2016, Nowak 1991",,,,,,,,,,,
Apomys_aurorae,Terrestrial,75,278.5,137.5,141,35,0.506283662,1.025454545,Heaney et al 2016,,,,,,,,,,,
Apomys_banahao,Terrestrial,81.5,268.5,146.5,122,35,0.454376164,0.832764505,Heaney et al 2016,,,,,,,,,,,
Apomys_brownorum,Terrestrial,72,242.5,131,111.5,33.5,0.459793814,0.851145038,Heaney et al 2016,,,,,,,,,,,
Apomys_camiguinensis,Terrestrial,40,258,111,147,33,0.569767442,1.324324324,Heaney & Tabaranza 2006,,,,,,,,,,,
Apomys_datae,Terrestrial,70.44,276,150.7,135.8,35.8,0.492028986,0.901128069,"Heaney et al 2016,  Nowak 1991",,,,,,,,,,,
Apomys_gracilirostris,General,43.08,310,150,160,38,0.516129032,1.066666667,"Ruedas 1995, Wilman et al 2014",,,,,,,,,,,
Apomys_hylocetes,Terrestrial,36.44,249,108,141,32,0.56626506,1.305555556,Heaney et al 2006,,,,,,,,,,,
Apomys_insignis,Terrestrial,36.94,252,105,147,33,0.583333333,1.4,Heaney et al 2006,,,,,,,,,,,
Apomys_iridensis,Terrestrial,96,292,147.5,144.5,37.5,0.494863014,0.979661017,Heaney et al 2016,,,,,,,,,,,
Apomys_littoralis,Terrestrial,25.475,220,100,120,25,0.545454545,1.2,"Musser 1982a, Wilman et al 2014",,,,,,,,,,,
Apomys_lubangensis,Terrestrial,110,291,151,140,40,0.481099656,0.927152318,Heaney et al 2014,,,,,,,,,,,
Apomys_magnus,Terrestrial,110,288.5,145,143.5,39,0.497400347,0.989655172,Heaney et al 2016,,,,,,,,,,,
Apomys_microdon,Arboreal,35.49,241.5,107,134.5,27,0.556935818,1.257009346,Heaney et al 2016,,,,,,,,,,,
Apomys_minganensis,Terrestrial,79,262.5,135.5,127,33,0.483809524,0.937269373,Heaney et al 2016,,,,,,,,,,,
Apomys_musculus,Arboreal,20.6,197.5,88.5,109,22.5,0.551898734,1.231638418,Heaney et al 2016,,,,,,,,,,,
Apomys_sacobianus,General,63.44,296,153.5,142.5,37.5,0.481418919,0.928338762,"Heaney et al 2016, Nowak 1991",,,,,,,,,,,
Apomys_sierrae,General,92,277,141,136,36.5,0.490974729,0.964539007,Heaney et al 2016,,,,,,,,,,,
Apomys_zambalensis,General,99.5,302.5,162,140.5,37.5,0.46446281,0.867283951,Heaney et al 2016,,,,,,,,,,,
Archboldomys_luzonensis,Terrestrial,36.22,178.5,89.3,70,27.5,0.392156863,0.78387458,"Heaney et al 2016,  Nowak 1991",,,,,,,,,,,
Archboldomys_maximus,Terrestrial,47.5,216,117,99,31,0.458333333,0.846153846,Heaney et al 2016,,,,,,,,,,,
Arvicanthis_abyssinicus,Terrestrial,92.87,250.9,140.5,110.4,26.4,0.440015943,0.785765125,Kingdon et al 2013,,,,,,,,,,,
Arvicanthis_ansorgei,Terrestrial,113.9,285.6,151,134.6,33,0.471288515,0.891390728,Kingdon et al 2013,,,,,,,,,,,
Arvicanthis_blicki,Terrestrial,128,261,161,100,30.8,0.383141762,0.621118012,Kingdon et al 2013,,,,,,,,,,,
Arvicanthis_nairobae,Terrestrial,91,239,138,101,26,0.422594142,0.731884058,Kingdon et al 2013,,,,,,,,,,,
Arvicanthis_neumanni,Terrestrial,85,246.5,146,100.5,27.5,0.407707911,0.688356164,Kingdon et al 2013,,,,,,,,,,,
Arvicanthis_niloticus,General,101.95,289.3,158.8,130.5,31,0.451088835,0.821788413,Kingdon et al 2013,,,,,,,,,,,
Arvicanthis_rufinus,Terrestrial,103.3,282,143.8,138.2,32.7,0.490070922,0.961057024,Kingdon et al 2013,,,,,,,,,,,
Baiyankamys_habbema,Amphibious,NA,317,147,170,36,0.536277603,1.156462585,Helgen 2005,,,,,,,,,,,
Bandicota_bengalensis,Amphibious,235.645,346.5,195,151.5,34.8,0.437229437,0.776923077,"Nowak 1991,  Francis & Barrett 2008",,,,,,,,,,,
Bandicota_indica,Terrestrial,415.03,520,276,244,56,0.469230769,0.884057971,"Lekagul & McNeely 1977, Nowak 1991, Francis & Barrett 2008",,,,,,,,,,,
Bandicota_savilei,Terrestrial,229.815,355,196,159,37,0.447887324,0.81122449,"Lekagul & McNeely 1977, Nowak 1991, Francis & Barrett 2008",,,,,,,,,,,
Batomys_dentatus,General,196,380,195,185,36,0.486842105,0.948717949,"Heany et al 2016, Wilman et al 2014",,,,,,,,,,,
Batomys_granti,General,174.415,348.5,199.5,149,36.3,0.427546628,0.746867168,Heany et al 2016,,,,,,,,,,,
Batomys_hamiguitan,Terrestrial,173,302,183,119,35,0.394039735,0.650273224,Balete et al 2008,,,,,,,,,,,
Batomys_russatus,Terrestrial,115,256,146,110,30,0.4296875,0.753424658,Musser et al 1998,,,,,,,,,,,
Batomys_salomonseni,Terrestrial,185.76,315,175,140,37,0.444444444,0.8,Musser et al 1998,,,,,,,,,,,
Batomys_uragon,Terrestrial,335,335.5,186,149.5,37,0.445603577,0.803763441,Heaney et al 2016,,,,,,,,,,,
Berylmys_berdmorei,Terrestrial,235,373,205,168,38,0.450402145,0.819512195,"Lekagul & McNeely 1977, Nowak 1991, Francis & Barrett 2008",,,,,,,,,,,
Berylmys_bowersi,General,382.69,544.6,266.3,278.3,58.8,0.51101726,1.04506196,"Lekagul & McNeely 1977, Nowak 1991, Francis & Barrett 2008",,,,,,,,,,,
Berylmys_mackenziei,Terrestrial,265,454,210,244,49,0.537444934,1.161904762,"Lekagul & McNeely 1977, Nowak 1991, Musser and Newcomb 1983",,,,,,,,,,,
Berylmys_manipulus,Terrestrial,116,323.5,160,163.5,55.5,0.505409583,1.021875,"Nowak 1991, Francis & Barrett 2008, Wilman et al 2014",,,,,,,,,,,
Bullimus_bagobus,Terrestrial,423.09,462,278.3,183.7,53.5,0.397619048,0.660079051,Nowak 1991,,,,,,,,,,,
Bullimus_gamay,Terrestrial,367.8,392.5,234.5,158,51.6,0.40254777,0.673773987,Wilman et al 2014,,,,,,,,,,,
Bullimus_luzonicus,Terrestrial,447.5,466.5,254,212.5,55.5,0.455519829,0.836614173,Heany et al 2016,,,,,,,,,,,
Bunomys_andrewsi,Terrestrial,135,304.1,161.7,142.4,37.75,0.468267017,0.880643166,"Musser, 2014",,,,,,,,,,,
Bunomys_chrysocomus,Terrestrial,106.045,301,160,141,34.8,0.468438538,0.88125,"Musser, 2014",,,,,,,,,,,
Bunomys_coelestis,Terrestrial,120,310.9,159.3,151.6,36.9,0.487616597,0.951663528,"Musser, 2014, Wilman et al 2014",,,,,,,,,,,
Bunomys_fratrorum,Terrestrial,152.655,341.4,170.4,171,40,0.500878735,1.003521127,"Musser, 2014",,,,,,,,,,,
Bunomys_karokophilus,Terrestrial,133.2,338.2,173.8,164.4,39.3,0.486102898,0.945914845,"Musser, 2014",,,,,,,,,,,
Bunomys_penitus,Terrestrial,144.9,342.4,173.5,168.9,40.2,0.49328271,0.973487032,"Musser, 2014",,,,,,,,,,,
Bunomys_prolatus,Terrestrial,131,299.6,167.2,132.4,33.9,0.441922563,0.791866029,"Musser, 2014, Wilman et al 2014",,,,,,,,,,,
Bunomys_torajae,Terrestrial,116.8,343.1,177.8,165.3,37.6,0.481783737,0.929696288,"Musser, 2014",,,,,,,,,,,
Carpomys_melanurus,Arboreal,165,363.5,182,181.5,33,0.499312242,0.997252747,"Heany et al 2016, Nowak 1991",,,,,,,,,,,
Carpomys_phaeurus,Arboreal,123,329,177.8,164.3,31.5,0.499392097,0.924071991,"Heany et al 2016, Nowak 1991",,,,,,,,,,,
Chiromyscus_chiropus,Arboreal,77.8,366.8,148,218.8,28,0.59651036,1.478378378,"Lekagul & McNeely 1977, Nowak 1991, Smith and Xie 2013",,,,,,,,,,,
Chiromyscus_thomasi,Arboreal,90,377.5,162.5,215,28,0.569536424,1.323076923,Balakirev et al 2014,,,,,,,,,,,
Chiropodomys_gliroides,Arboreal,23.89,215.9,89.2,126.7,18.5,0.586845762,1.420403587,"Lekagul & McNeely 1977, Nowak 1991,  Musser 1979",,,,,,,,,,,
Chiropodomys_major,Arboreal,33.2,233.7,105.3,128.4,24.1,0.549422336,1.219373219,"Nowak 1991,  Musser 1979",,,,,,,,,,,
Chiruromys_vates,Arboreal,45.73,272.5,110,162.5,24.3,0.596330275,1.477272727,"Flannery 1995a,  Nowak 1991",,,,,,,,,,,
Chrotomys_gonzalesi,Terrestrial,136.8,262.5,168.5,94,36.5,0.358095238,0.557863501,Heany et al 2016,,,,,,,,,,,
Chrotomys_mindorensis,Terrestrial,163.74,284.5,173.5,111,38,0.390158172,0.639769452,"Heany et al 2016,  Nowak 1991",,,,,,,,,,,
Chrotomys_sibuyanensis,Terrestrial,104,242,160,82,34,0.338842975,0.5125,Rickart et al. 2005,,,,,,,,,,,
Chrotomys_silaceus,Terrestrial,115.5,269,160,109,36.5,0.405204461,0.68125,Heany et al 2016,,,,,,,,,,,
Chrotomys_whiteheadi,Terrestrial,149.74,282,167,115,38,0.407801418,0.688622754,Heany et al 2016,,,,,,,,,,,
Coccymys_ruemmleri,General,31.55,268,109,159,24.8,0.593283582,1.458715596,Flannery 1995a,,,,,,,,,,,
Colomys_goslingi,Amphibious,61.5,282.4,122.4,160,37.9,0.566572238,1.307189542,"Kingdon et al 2013, Nowak 1991",,,,,,,,,,,
Conilurus_penicillatus,Arboreal,190.54,371.5,188.5,183,48,0.492597577,0.970822281,"Flannery 1995a, Strahan 1983",,,,,,,,,,,
Crateromys_australis,General,445,546,265,281,54,0.514652015,1.060377358,"Musser et al 1998, Wilman et al 2014",,,,,,,,,,,
Crateromys_heaneyi,Arboreal,124,599.5,279.5,320,63.5,0.533778148,1.14490161,Gonzales & Kennedy 1996 ,,,,,,,,,,,
Crateromys_schadenbergi,Arboreal,1450,681.5,360.8,405.7,77.5,0.595304475,1.124445676,"Heany et al 2016,  Musser et al 1998",,,,,,,,,,,
Cremnomys_cutchicus,Terrestrial,59.8,258,117,141,,0.546511628,1.205128205,"Nowak 1991, Wilman et al 2014",,,,,,,,,,,
Crossomys_moncktoni,Amphibious,166.71,404,188,216,51.2,0.534653465,1.14893617,Flannery 1995a,,,,,,,,,,,
Crunomys_celebensis,Terrestrial,48.3,193.6,112.6,81,25,0.41838843,0.719360568,"Nowak 1991, Achmadi et al 2014",,,,,,,,,,,
Crunomys_fallax,Terrestrial,37.5,184,105,79,,0.429347826,0.752380952,"Heany et al 2016, Wilman et al 2014",,,,,,,,,,,
Crunomys_melanius,Terrestrial,54.5,190.8,110,80.8,26,0.423480084,0.734545455,Nowak 1991,,,,,,,,,,,
Crunomys_suncoides,Terrestrial,37,209,108,101,27,0.483253589,0.935185185,Rickart et al 1998,,,,,,,,,,,
Dacnomys_millardi,Terrestrial,168.3,452.9,198.6,254.3,44.8,0.561492603,1.280463243,"Nowak 1991, Smith and Xie 2013, Musser 1981, Wilman et al 2014",,,,,,,,,,,
Dasymys_incomtus,Terrestrial,131.525,299.1,154.3,144.8,33.8,0.484119024,0.938431627,Kingdon et al 2013,,,,,,,,,,,
Dasymys_rufulus,Terrestrial,78,289.4,144.3,145.1,33.2,0.50138217,1.005544006,Kingdon et al 2013,,,,,,,,,,,
Dephomys_defua,Arboreal,45.025,320.9,126.3,194.6,26.5,0.606419445,1.54077593,"Kingdon et al 2013, Nowak 1991",,,,,,,,,,,
Desmomys_harringtoni,General,77.445,264.6,136.3,128.3,27.6,0.484882842,0.941305943,Kingdon et al 2013,,,,,,,,,,,
Diplothrix_legata,Arboreal,76.52,560,275,285,,0.508928571,1.036363636,"Sugimura et al 2003, Nowak 1991, Wilman 2014",,,,,,,,,,,
Echiothrix_centrosa,Terrestrial,253,447,205,242,51,0.541387025,1.180487805,"LSUMZ specimens, Musser & Durden 2014",,,,,,,,,,,
Echiothrix_leucura,Terrestrial,63.68,460,225,235,55,0.510869565,1.044444444,"LSUMZ specimens, Musser & Durden 2014, Wilman 2014",,,,,,,,,,,
Eropeplus_canus,General,275,543,266,277,48,0.510128913,1.041353383,"LSUMZ specimens, Nowak 1991, Wilman et al 2014",,,,,,,,,,,
Golunda_ellioti,General,62.065,212.1,128.4,83.7,25.9,0.394625177,0.651869159,Nowak 1991,,,,,,,,,,,
Gracilimus_radix,Terrestrial,41,277,118,159,29,0.57400722,1.347457627,Rowe et al. 2016,,,,,,,,,,,
Grammomys_cometes,Arboreal,48.5,286,118,168,24,0.587412587,1.423728814,Kingdon et al 2013,,,,,,,,,,,
Grammomys_dolichurus,General,39.525,284.5,115.3,169.2,23.5,0.594727592,1.467476149,"Kingdon et al 2013,  Delany 1971",,,,,,,,,,,
Grammomys_ibeanus,Arboreal,42.445,303,120.4,182.6,22.5,0.602640264,1.516611296,Kingdon et al 2013,,,,,,,,,,,
Grammomys_macmillani,Arboreal,39.505,270.7,105.7,165,23,0.609530846,1.56102176,Kingdon et al 2013,,,,,,,,,,,
Grammomys_surdaster,Arboreal,35.995,283,110,173,23,0.61130742,1.572727273,Kingdon et al 2013,,,,,,,,,,,
Haeromys_minahassae,Arboreal,14.7,182,72,110,20,0.604395604,1.527777778,"Musser 1990, Wilman et al 2014 ",,,,,,,,,,,
Halmaheramys_bokimekot,Terrestrial,89.7,275,149,126,29.6,0.458181818,0.845637584,Fabre et al 2013,,,,,,,,,,,
Hapalomys_delacouri,Arboreal,64.3,279.5,129.5,150,23,0.53667263,1.158301158,"Nowak 1991,  Smith and Xie 2013, Wilman et al 2014",,,,,,,,,,,
Heimyscus_fumosus,Terrestrial,15.75,181.3,76.8,104.5,17.5,0.576392719,1.360677083,Kingdon et al 2013,,,,,,,,,,,
Hybomys_badius,Terrestrial,63.7,236.7,122.4,114.3,29.3,0.482889734,0.933823529,Kingdon et al 2013,,,,,,,,,,,
Hybomys_lunaris,Terrestrial,54.1,223,108,115,25,0.515695067,1.064814815,"Kingdon et al 2013, Huhndorf et al. 2007, Wilman et al 2014",,,,,,,,,,,
Hybomys_planifrons,Terrestrial,50.3,221,124,97,30.6,0.438914027,0.782258065,Kingdon et al 2013,,,,,,,,,,,
Hybomys_trivirgatus,Terrestrial,58.04,224,124,100,31.8,0.446428571,0.806451613,Kingdon et al 2013,,,,,,,,,,,
Hybomys_univittatus,Terrestrial,52.43,224.7,121.4,103.3,27.9,0.459724077,0.850906096,Kingdon et al 2013,,,,,,,,,,,
Hydromys_neobritannicus,Amphibious,141.87,577,288,289,60,0.500866551,1.003472222,"Flannery 1995b, Wilman et al 2014",,,,,,,,,,,
Hylomyscus_aeta,Arboreal,24.415,232.6,95.7,136.9,21.4,0.588564058,1.430512017,Kingdon et al 2013,,,,,,,,,,,
Hylomyscus_alleni,General,19.57,214.9,83.6,131.3,19.8,0.610981852,1.570574163,Kingdon et al 2013,,,,,,,,,,,
Hylomyscus_anselli,Arboreal,28.5,247,101,146,21,0.591093117,1.445544554,Carelton & Stanley 2005,,,,,,,,,,,
Hylomyscus_arcimontensis,Arboreal,29,240,100,140,22,0.583333333,1.4,Carelton & Stanley 2005,,,,,,,,,,,
Hylomyscus_baeri,Arboreal,31.8,234,105.9,128.1,21.8,0.547435897,1.209631728,Kingdon et al 2013,,,,,,,,,,,
Hylomyscus_denniae,Arboreal,32.995,235.8,98.3,139,20.7,0.589482612,1.414038657,"Kingdon et al 2013, Huhndorf et al. 2007",,,,,,,,,,,
Hylomyscus_grandis,General,33,236.8,96.8,140,20,0.591216216,1.446280992,Kingdon et al 2013,,,,,,,,,,,
Hylomyscus_parvus,General,13.945,155,60,95,14,0.612903226,1.583333333,Kingdon et al 2013,,,,,,,,,,,
Hylomyscus_stella,General,19.395,222,91.5,130.5,18,0.587837838,1.426229508,Kingdon et al 2013,,,,,,,,,,,
Hyomys_goliath,General,844.62,636.5,324.5,312,59.4,0.490180676,0.961479199,"Flannery 1995a, Nowak 1991",,,,,,,,,,,
Hyorhinomys_stuempkei,Terrestrial,235,403.5,193.5,210,53,0.520446097,1.085271318,Esselstyn et al 2015,,,,,,,,,,,
Kadarsanomys_sodyi,Arboreal,79.09,480,196,284,39.5,0.591666667,1.448979592,"Nowak 1991, Wilman et al 2014",,,,,,,,,,,
Komodomys_rintjanus,Terrestrial,73.85,327.4,175.9,151.5,36.5,0.462736714,0.861284821,"Musser & Boaedi 1980, Nowak 1991, Wilman et al 2014",,,,,,,,,,,
Lamottemys_okuensis,Terrestrial,56,250.8,126,124.8,28.4,0.497607656,0.99047619,Kingdon et al 2013,,,,,,,,,,,
Leggadina_forresti,Terrestrial,21.94,176,104,72,19,0.409090909,0.692307692,"Strahan 1983,  Nowak 1991, Read 1984",,,,,,,,,,,
Leggadina_lakedownensis,Terrestrial,18.75,113,70,43,15,0.380530973,0.614285714,"Strahan 1983, Nowak 1991, Van Dyck and Strahan 2008",,,,,,,,,,,
Lemniscomys_barbarus,Terrestrial,30.625,223.3,100.8,122.5,24.5,0.548589342,1.215277778,Kingdon et al 2013,,,,,,,,,,,
Lemniscomys_bellieri,Terrestrial,36,221,109,112,25.4,0.50678733,1.027522936,"Kingdon et al 2013, Ziegler et al 2002",,,,,,,,,,,
Lemniscomys_macculus,Terrestrial,28.4,208.2,99.2,109,22.6,0.523535062,1.098790323,Kingdon et al 2013,,,,,,,,,,,
Lemniscomys_rosalia,Terrestrial,51.21,268.9,136.8,132.1,26.9,0.491260692,0.965643275,Kingdon et al 2013,,,,,,,,,,,
Lemniscomys_striatus,Terrestrial,42.225,247.1,114.3,132.8,27.1,0.537434237,1.161854768,Kingdon et al 2013,,,,,,,,,,,
Lemniscomys_zebra,Terrestrial,36.1,226,102,124,24.5,0.548672566,1.215686275,Kingdon et al 2013,,,,,,,,,,,
Lenomys_meyeri,General,325,530.625,264.125,266.5,47,0.502237927,1.008991955,"Flannery 1995b, Musser 2015, LSUMZ Specimens",,,,,,,,,,,
Lenothrix_canus,Arboreal,163.5,420,192.5,227.5,42,0.541666667,1.181818182,"Nowak 1991, Wells et al 2004,  Musser & Newcomb 1983, Francis and Barrett 2008",,,,,,,,,,,
Leopoldamys_edwardsi,General,325.91,546,246,300,48,0.549450549,1.219512195,"Lekagul and McNeely 1977, Nowak 1991, Smith and Xie 2013",,,,,,,,,,,
Leopoldamys_milleti,Terrestrial,336.38,570,245,325,50,0.570175439,1.326530612,"Francis and Barrett 2008, Wilman et al 2014",,,,,,,,,,,
Leopoldamys_neilli,Terrestrial,219,487,217,270,42,0.554414784,1.244239631,"Lekagul and McNeely 1977, Francis and Barrett 2008, ",,,,,,,,,,,
Leopoldamys_sabanus,General,347.705,584.6,234.5,350.1,46.7,0.598871023,1.492963753,"Lekagul and McNeely 1977,  Nowak 1991, Pimsai et al 2014",,,,,,,,,,,
Leporillus_conditor,General,339.41,375,197,178,44,0.474666667,0.903553299,"Strahan 1983, Ryan et al 2003, IUCN 2017",,,,,,,,,,,
Leptomys_elegans,Terrestrial,85.46,299.4,151.8,147.6,38.5,0.492985972,0.972332016,Flannery 1995a,,,,,,,,,,,
Limnomys_bryophilus,Terrestrial,64.1,300,130,170,32.6,0.566666667,1.307692308,Rickart et al 2003,,,,,,,,,,,
Limnomys_sibuanus,General,64.3,283.5,127,156.5,29.5,0.552028219,1.232283465,"Nowak 1991, Musser & Heaney 1992",,,,,,,,,,,
Lorentzimys_nouhuysi,Arboreal,14.97,186.6,74.2,112.4,18.6,0.602357985,1.514824798,"Flannery 1995a, Nowak 1991",,,,,,,,,,,
Macruromys_major,Terrestrial,353.625,568.3,240.8,327.5,52.7,0.576280134,1.360049834,"Flannery 1995a, Nowak 1991",,,,,,,,,,,
Malacomys_cansdalei,Amphibious,81.7,340,144,196,42.7,0.576470588,1.361111111,Kingdon et al 2013,,,,,,,,,,,
Malacomys_edwardsi,Amphibious,61.39,301,133,168,33,0.558139535,1.263157895,Kingdon et al 2013,,,,,,,,,,,
Malacomys_longipes,Amphibious,96.27,334.4,156.7,177.7,39.7,0.531399522,1.13401404,Kingdon et al 2013,,,,,,,,,,,
Mallomys_aroaensis,General,1731.995,804,410,394,72,0.490049751,0.96097561,"Flannery 1995a, Nowak 1991",,,,,,,,,,,
Mallomys_istapantap,General,1970.215,747,411,336,70.5,0.449799197,0.817518248,"Flannery 1995a, Nowak 1991",,,,,,,,,,,
Mallomys_rothschildi,Arboreal,1157.9,759.7,380,379.7,65.1,0.499802554,0.999210526,"Flannery 1995a, Nowak 1991",,,,,,,,,,,
Malpaisomys_insularis,Terrestrial,71.33,NA,NA,NA,NA,,,"Nowak 1991, Wilman et al 2014",,,,,,,,,,,
Mammelomys_lanosus,Terrestrial,116.8,286,162.3,123.7,36.6,0.432517483,0.762168823,"Flannery 1995a, Wilman et al 2014",,,,,,,,,,,
Mammelomys_rattoides,Terrestrial,212.245,326,200,126,38,0.386503067,0.63,"Flannery 1995a, Flannery 1995b",,,,,,,,,,,
Margaretamys_beccarii,Arboreal,65.4,317,132,185,28,0.583596215,1.401515152,"Nowak 1991, Musser 1981",,,,,,,,,,,
Margaretamys_christinae,Arboreal,49,286,111,175,20,0.611888112,1.576576577,Mortelliti et al 2012,,,,,,,,,,,
Margaretamys_elegans,Arboreal,121,439.8,180,259.8,36.5,0.590723056,1.443333333,"Nowak 1991, Musser 1981",,,,,,,,,,,
Margaretamys_parvus,Arboreal,40,258,100,158,20,0.612403101,1.58,"Nowak 1991, Musser 1981",,,,,,,,,,,
Mastacomys_fuscus,Terrestrial,125.36,270,161.7,108.3,34,0.401111111,0.669758813,"Strahan 1983, Nowak 1991",,,,,,,,,,,
Mastomys_awashensis,Terrestrial,46,240,122,118,23.8,0.491666667,0.967213115,Kingdon et al 2013,,,,,,,,,,,
Mastomys_coucha,Terrestrial,42.405,185,100,85,20,0.459459459,0.85,Kingdon et al 2013,,,,,,,,,,,
Mastomys_erythroleucus,Terrestrial,56.935,225.7,118,107.7,23,0.4771821,0.912711864,"Kingdon et al 2013,  Nowak 1991",,,,,,,,,,,
Mastomys_huberti,Terrestrial,59.1,253,139,114,25.1,0.450592885,0.820143885,Kingdon et al 2013,,,,,,,,,,,
Mastomys_kollmannspergeri,Terrestrial,105.9,260,142,118,27.2,0.453846154,0.830985915,Kingdon et al 2013,,,,,,,,,,,
Mastomys_natalensis,Terrestrial,90.425,216,108,108,22.3,0.5,1,Kingdon et al 2013,,,,,,,,,,,
Mastomys_pernanus,Terrestrial,19,144,78,66,16.1,0.458333333,0.846153846,"Kingdon et al 2013,  Nowak 1991, Wilman et al 2014",,,,,,,,,,,
Maxomys_bartelsii,Terrestrial,95.23,305,152.5,152.5,33.5,0.5,1,Musser 1979,,,,,,,,,,,
Maxomys_dollmani,General,120,362.2,158.9,203.3,26.8,0.561292104,1.27942102,Musser 1979,,,,,,,,,,,
Maxomys_hellwaldii,Terrestrial,203,385.4,206.1,179.3,37.4,0.465230929,0.869966036,"Nowak 1991, LSUMZ Specimens, Wilman et al 2014",,,,,,,,,,,
Maxomys_hylomyoides,Terrestrial,56.6,245.7,125.9,119.8,29.4,0.487586488,0.951548848,"Nowak 1991, LSUMZ Specimens, Wilman et al 2014",,,,,,,,,,,
Maxomys_moi,Terrestrial,147,344.7,167.9,176.8,37.8,0.512909777,1.053007743,"Nowak 1991,  Francis & Barrett 2008, Wilman et al 2014",,,,,,,,,,,
Maxomys_musschenbroekii,Terrestrial,84.8,274,145.5,128.5,34.5,0.468978102,0.883161512,"Nowak 1991,  Corbett & Hill 1992, Wilman et al 2014",,,,,,,,,,,
Maxomys_ochraceiventer,Terrestrial,158.96,306.3,152.8,153.5,32.5,0.501142671,1.004581152,"Nowak 1991, Nor 2001",,,,,,,,,,,
Maxomys_pagensis,Terrestrial,196,376.1,196.8,179.3,43,0.476734911,0.911077236,"Nowak 1991, Wilman et al 2014",,,,,,,,,,,
Maxomys_panglima,Terrestrial,158.96,399.8,197.9,201.9,41.5,0.505002501,1.020212228,"Nowak 1991, Esselstyn et al 2004",,,,,,,,,,,
Maxomys_rajah,Terrestrial,150,345,172,173,38,0.501449275,1.005813953,"Lekagul and McNeely 1977, Nowak 1991, Francis & Barrett 2008",,,,,,,,,,,
Maxomys_surifer,Terrestrial,154.44,363.8,182.5,181.3,41,0.498350742,0.993424658,"Lekagul and McNeely 1977, Nowak 1991, Francis & Barrett 2008,  Smith and Xie 2013",,,,,,,,,,,
Maxomys_tajuddinii,Terrestrial,66,220.6,106.8,113.8,28.6,0.51586582,1.065543071,"Achmadi et al 2012, IUCN 2017, Wilman et al 2014",,,,,,,,,,,
Maxomys_whiteheadi,Terrestrial,49.165,218,115,103,26,0.472477064,0.895652174,"Lekagul and McNeely 1977, Nowak 1991, Francis & Barrett 2008",,,,,,,,,,,
Melasmothrix_naso,Terrestrial,47.5,206.8,118,88.8,27.5,0.429400387,0.752542373,Nowak 1991,,,,,,,,,,,
Melomys_bannisteri,Terrestrial,58,224,112,112,,0.5,1,Wilman et al 2014,,,,,,,,,,,
Melomys_bougainville,Terrestrial,85.995,289,149,140,27.3,0.484429066,0.939597315,Flannery 1995b,,,,,,,,,,,
Melomys_burtoni,General,80,280,130,150,29,0.535714286,1.153846154,"Strahan 1983,  Van Dyck and Strahan 2008",,,,,,,,,,,
Melomys_capensis,General,100,300,130,170,28,0.566666667,1.307692308,"Strahan 1983,  Nowak 1991, Van Dyck and Strahan 2008,  Watts & Aslin 1981",,,,,,,,,,,
Melomys_cervinipes,Arboreal,120,286.7,140,146.7,28.7,0.511684688,1.047857143,"Strahan 1983, Nowak 1991",,,,,,,,,,,
Melomys_leucogaster,General,112.585,311,156,155,32,0.498392283,0.993589744,"Flannery 1995a, 1995b",,,,,,,,,,,
Melomys_rubicola,Terrestrial,111,327,157,170,,0.519877676,1.082802548,"Nowak 1991, Van Dyck and Strahan 2008",,,,,,,,,,,
Melomys_rufescens,Arboreal,64,273.3,136.3,137,27.2,0.501280644,1.00513573,"Flannery 1995a, 1995b",,,,,,,,,,,
Mesembriomys_gouldii,Arboreal,800,675,300,375,67,0.555555556,1.25,"Strahan 1983, Nowak 1991",,,,,,,,,,,
Mesembriomys_macrurus,Arboreal,300,577,250,327,50,0.566724437,1.308,"Strahan 1983, Van Dyck and Strahan 2008, IUCN 2017,  Watts & Aslin 1981",,,,,,,,,,,
Microhydromys_richardsoni,Terrestrial,9.625,169.3,83,86.3,19.7,0.509746013,1.039759036,"Flannery, Mammals of New Guniea p.248",,,,,,,,,,,
Micromys_minutus,Arboreal,7.096666667,131.9,67,64.9,14.5,0.492039424,0.968656716,"Nowak 1991, Urbani et al 2013",,,,,,,,,,,
Millardia_kathleenae,Terrestrial,93,285.9,147.5,138.4,27.5,0.484085345,0.938305085,"Nowak 1991, Francis & Barrett 2008",,,,,,,,,,,
Millardia_meltada,Terrestrial,67.17,238,119.5,118.5,25,0.49789916,0.991631799,"Nowak 1991,  Menon 2009,  Mishra & Dhanda 1975. Molur et al 2005",,,,,,,,,,,
Muriculus_imberbis,Terrestrial,18.5,125,74,51,16.5,0.408,0.689189189,Kingdon et al 2013,,,,,,,,,,,
Mus_baoulei,Terrestrial,9.2,102.8,65.9,36.9,13.3,0.358949416,0.559939302,"Kingdon et al 2013, Wilman et al 2014",,,,,,,,,,,
Mus_booduga,Terrestrial,13.69,130.8,75.5,55.3,15.6,0.422782875,0.732450331,"Nowak 1991, Francis & Barrett 2008,  Singh et al 2009",,,,,,,,,,,
Mus_bufo,Terrestrial,9.64,135,68.4,66.6,15.3,0.493333333,0.973684211,"Kingdon et al 2013, Lunde and Sarmiento 2002",,,,,,,,,,,
Mus_callewaerti,Terrestrial,9.12,133.6,88.8,44.8,15.3,0.335329341,0.504504505,"Kingdon et al 2013, Wilman et al 2014",,,,,,,,,,,
Mus_caroli,Terrestrial,14.30333333,154,76,78,18,0.506493506,1.026315789,"Lekagul and McNeely 1977, Francis & Barrett 2008, Smith & Xie 2013",,,,,,,,,,,
Mus_cookii,Terrestrial,21.6,174.7,89.7,85,19,0.486548369,0.947603122,"Lekagul and McNeely 1977, Smith & Xie 2013",,,,,,,,,,,
Mus_crociduroides,Terrestrial,28.7,208.3,90.6,117.7,22,0.565050408,1.299116998,"Nowak 1991, Musser & Newcomb 1983, Wilman et al 2014",,,,,,,,,,,
Mus_cypriacus,Terrestrial,15,156,84,72,18,0.461538462,0.857142857,Cucchi et al 2006,,,,,,,,,,,
Mus_famulus,Terrestrial,22.88,NA,NA,NA,NA,,,"Nowak 1991, Molur et al 2005, Wilman et al 2014",,,,,,,,,,,
Mus_fragilicauda,Terrestrial,12,138,77,61,15,0.442028986,0.792207792,Francis & Barrett 2008,,,,,,,,,,,
Mus_haussa,Terrestrial,3,87.7,49.7,38,12,0.433295325,0.764587525,Kingdon et al 2013,,,,,,,,,,,
Mus_indutus,Terrestrial,6.516666667,95.2,53.2,42,14,0.441176471,0.789473684,Kingdon et al 2013,,,,,,,,,,,
Mus_macedonicus,Terrestrial,16.65,NA,NA,NA,NA,,,Frynta 1994,,,,,,,,,,,
Mus_mahomet,Terrestrial,10.15,120.5,67,53.5,15,0.443983402,0.798507463,"Kingdon et al 2013, Yalden & Largen 1992",,,,,,,,,,,
Mus_mattheyi,Terrestrial,9.52,90.4,52,38.4,12.1,0.424778761,0.738461538,"Kingdon et al 2013, Wilman et al 2014",,,,,,,,,,,
Mus_minutoides,Terrestrial,6.876666667,95.8,54.8,41,12.5,0.427974948,0.748175182,Kingdon et al 2013,,,,,,,,,,,
Mus_musculoides,Terrestrial,9.876666667,160.9,83.7,77.2,18,0.479801119,0.922341697,Kingdon et al 2013,,,,,,,,,,,
Mus_musculus,General,17.05,161.5,81.4,80.1,17.8,0.495975232,0.984029484,"Kingdon et al 2013, Strahan 1983, Heaney et al 2016, Lekagul and McNeely 1977,  Nowak 1991",,,,,,,,,,,
Mus_neavei,Terrestrial,8,127.2,88.8,38.4,13,0.301886792,0.432432432,Kingdon et al 2013,,,,,,,,,,,
Mus_pahari,Terrestrial,23.6,175,90,85,20.3,0.485714286,0.944444444,"Lekagul and McNeely 1977, Nowak 1991, Smith and Xie 2013",,,,,,,,,,,
Mus_platythrix,Terrestrial,29.08,NA,NA,NA,NA,,,"Nowak 1991, Molur et al 2005",,,,,,,,,,,
Mus_setulosus,Terrestrial,11.18,137.3,81.8,55.5,14.1,0.404224326,0.678484108,Kingdon et al 2013,,,,,,,,,,,
Mus_sorella,Terrestrial,9.5,99.7,59.9,39.8,13.1,0.399197593,0.664440735,"Kingdon et al 2013, Wilman et al 2014",,,,,,,,,,,
Mus_spicilegus,Terrestrial,16.65,NA,NA,NA,NA,,,"Nowak 1991,  Simeonovska-Nikolova 2000",,,,,,,,,,,
Mus_spretus,Terrestrial,15.61,201.8,139.7,62.1,16,0.307730426,0.44452398,Kingdon 2013,,,,,,,,,,,
Mus_tenellus,Terrestrial,9.48,92.2,53.8,38.4,12.6,0.4164859,0.713754647,Kingdon 2013,,,,,,,,,,,
Mus_terricolor,Terrestrial,8.3,132,68,64,15,0.484848485,0.941176471,"Nowak 1991, Singh et al 2009",,,,,,,,,,,
Mus_triton,Terrestrial,12.36,129.7,75.7,54,15.9,0.416345412,0.71334214,Kingdon et al 2013,,,,,,,,,,,
Musseromys_anacuao,Arboreal,19,162.5,78.5,84,18,0.516923077,1.070063694,Heaney et al 2016,,,,,,,,,,,
Musseromys_beneficus,Arboreal,20,160,78,82,18,0.5125,1.051282051,Heaney et al 2016,,,,,,,,,,,
Musseromys_gulantang,Arboreal,15.5,178,77,101,20,0.56741573,1.311688312,"Heaney et al 2016, Heaney et al 2009",,,,,,,,,,,
Musseromys_inopinatus,Arboreal,18.25,164.5,78,86.5,18.5,0.525835866,1.108974359,Heaney et al 2016,,,,,,,,,,,
Mylomys_dybowskii,Terrestrial,110.48,338.2,198.4,139.8,34.6,0.413364873,0.704637097,Kingdon et al 2013,,,,,,,,,,,
Myomyscus_angolensis,Terrestrial,52.89,243,121,122,24.2,0.502057613,1.008264463,Kingdon et al 2013,,,,,,,,,,,
Myomyscus_brockmani,Terrestrial,29.5,213.5,90,123.5,22,0.578454333,1.372222222,Kingdon et al 2013,,,,,,,,,,,
Myomyscus_verreauxii,Terrestrial,42.5,249,106,143,24,0.574297189,1.349056604,Kingdon et al 2013,,,,,,,,,,,
Myomyscus_yemeni,Terrestrial,52.7,NA,NA,NA,NA,,,"IUCN 2017, Wilman et al 2014",,,,,,,,,,,
Nesokia_indica,Terrestrial,211.04,304,183,121,39,0.398026316,0.661202186,"Kingdon et al 2013, Nowak 1991, Menon 2009, Smith & Xie 2013",,,,,,,,,,,
Niviventer_andersoni,General,147,405.5,174,231.5,35.5,0.570900123,1.33045977,"Nowak 1991, Wilman et al 2014",,,,,,,,,,,
Niviventer_brahma,General,97.3,364.5,145.5,219,32.5,0.600823045,1.505154639,"Smith and Xie 2013, Musser 1981",,,,,,,,,,,
Niviventer_confucianus,General,32.5,334.8,147.5,187.3,30,0.559438471,1.269830508,"Lekagul and McNeely 1979, Nowak 1991",,,,,,,,,,,
Niviventer_coninga,General,80.65,390.5,172.5,218,33.5,0.558258643,1.263768116,Nowak 1991,,,,,,,,,,,
Niviventer_cremoriventer,General,72.32,328.1,147.5,180.6,24.8,0.550441938,1.22440678,"Lekagul and McNeely 1979, Francis & Barrett 2008, Musser 1973, Musser 1981, Wells et al 2004 ",,,,,,,,,,,
Niviventer_culturatus,Terrestrial,81.17,325,140,185,32,0.569230769,1.321428571,"Smith and Xie 2013, Musser 1981",,,,,,,,,,,
Niviventer_eha,Terrestrial,53.6,301,121,180,29.5,0.598006645,1.487603306,"Nowak 1991, Smith and Xie 2013, Wilman et al 2014",,,,,,,,,,,
Niviventer_excelsior,General,102,354.6,152.5,202.1,32,0.569937958,1.325245902,"Nowak 1991, Smith and Xie 2013, Wilman et al 2014",,,,,,,,,,,
Niviventer_fulvescens,General,77.195,317.6,142.6,175,29.5,0.551007557,1.227208976,"Lekagul and McNeely 1977, Francis & Barrett 2008, Smith and Xie 2013, Musser et al 2006",,,,,,,,,,,
Niviventer_hinpoon,Terrestrial,61,282,140,142,26.5,0.503546099,1.014285714,"Lekagul and McNeely 1979, Musser 1981",,,,,,,,,,,
Niviventer_langbianis ,Arboreal,69.8,348,145,203,,0.583333333,1.4,"Musser 1981, Balakirev et al 2011, Wilman et al 2014",,,,,,,,,,,
Niviventer_lepturus,General,84.8,NA,NA,NA,NA,,,"Nowak 1991, Wilman et al 2014",,,,,,,,,,,
Niviventer_niviventer,Terrestrial,100,358.5,146.5,212,,0.591352859,1.447098976,"Musser 1981, Balakirev et al 2011",,,,,,,,,,,
Niviventer_rapit,General,79.73,354,143,211,32,0.596045198,1.475524476,"Lekagul and McNeely 1979, Nowak 1991",,,,,,,,,,,
Niviventer_tenaster,Terrestrial,103,360,155,205,33.5,0.569444444,1.322580645,"Nowak 1991, Francis & Barrett 2008, Wilman et al 2014",,,,,,,,,,,
Notomys_alexis,Terrestrial,50,255,115,140,36,0.549019608,1.217391304,"Strahan 1983, Van Dyck and Strahan 2008",,,,,,,,,,,
Notomys_aquilo,Terrestrial,41.495,285,112,173,40,0.607017544,1.544642857,"Strahan 1983, Van Dyck and Strahan 2008, Watts & Aslin 1981",,,,,,,,,,,
Notomys_cervinus,Terrestrial,42.395,260,110,150,36,0.576923077,1.363636364,"Strahan 1983, Van Dyck and Strahan 2008",,,,,,,,,,,
Notomys_fuscus,Terrestrial,37.14,228,106.5,121.5,33.3,0.532894737,1.14084507,"Strahan 1983, Nowak 1991",,,,,,,,,,,
Notomys_mitchellii,Terrestrial,50,280,125,155,37,0.553571429,1.24,"Strahan 1983, Cockburn 1981, Van Dyck and Strahan 2008",,,,,,,,,,,
Oenomys_hypoxanthus,General,88.42,330.1,158.8,171.3,32,0.518933656,1.078715365,Kingdon et al 2013,,,,,,,,,,,
Otomys_anchietae,Terrestrial,118,247.7,155.7,92,30.3,0.371417037,0.590879897,"Kingdon et al 2013, Wilman et al 2014",,,,,,,,,,,
Otomys_angoniensis,Terrestrial,104.12,299,220,79,25.5,0.264214047,0.359090909,Kingdon et al 2013,,,,,,,,,,,
Otomys_barbouri,Terrestrial,117.8,256,177,79,27,0.30859375,0.446327684,Kingdon et al 2013,,,,,,,,,,,
Otomys_burtoni,Terrestrial,90,234,156,78,30,0.333333333,0.5,Kingdon et al 2013,,,,,,,,,,,
Otomys_denti,General,140,267,162.5,104.5,28.8,0.391385768,0.643076923,Kingdon et al 2013,,,,,,,,,,,
Otomys_irroratus,Terrestrial,129.225,259,161,98,32,0.378378378,0.608695652,"Kingdon et al 2013, Bronner et al 1988",,,,,,,,,,,
Otomys_jacksoni,Terrestrial,127.2,NA,NA,NA,NA,,,"Taylor et al 2011, Wilman et al 2014",,,,,,,,,,,
Otomys_lacustris,Terrestrial,127.2,260.5,158,102.5,30.6,0.393474088,0.648734177,"Kingdon et al 2013, IUCN 2017, Wilman et al 2014",,,,,,,,,,,
Otomys_laminatus,Terrestrial,188.5,308,199,109,30,0.353896104,0.547738693,Kingdon et al 2013,,,,,,,,,,,
Otomys_occidentalis,Terrestrial,77,221,143,78,28,0.352941176,0.545454545,Kingdon et al 2013,,,,,,,,,,,
Otomys_orestes,Terrestrial,127.2,236.5,156.7,79.8,27.1,0.337420719,0.50925335,"Taylor et al 2011, Carleton & Byrne 2006",,,,,,,,,,,
Otomys_sloggetti,Terrestrial,84,189,127,62,28,0.328042328,0.488188976,"Kingdon et al 2013, Nowak 1991",,,,,,,,,,,
Otomys_tropicalis,Terrestrial,111.3,259.5,178,81.5,28.7,0.314065511,0.457865169,Kingdon et al 2013,,,,,,,,,,,
Otomys_unisulcatus,Terrestrial,105,252,158,94,29,0.373015873,0.594936709,"Kingdon et al 2013, Nowak 1991",,,,,,,,,,,
Papagomys_armandvillei,Terrestrial,73.8,773.5,428.5,345,85,0.446024564,0.805134189,"Nowak 1991, Musser 1981b",,,,,,,,,,,
Parahydromys_asper,Amphibious,533.33,479.3,225,254.3,53.1,0.530565408,1.130222222,Flannery 1995a,,,,,,,,,,,
Paramelomys_levipes,Terrestrial,85.605,281.7,144,137.7,34.4,0.488817891,0.95625,Flannery 1995a,,,,,,,,,,,
Paramelomys_platyops,Terrestrial,107.8,282.7,170.2,112.5,30,0.397948355,0.660987074,"Flannery 1995a, 1995b",,,,,,,,,,,
Paramelomys_rubex,Terrestrial,47.68,239,118,121,28.2,0.506276151,1.025423729,Flannery 1995a,,,,,,,,,,,
Parotomys_brantsii,General,129.35,255.2,157.5,97.7,30.7,0.382836991,0.62031746,Kingdon et al 2013,,,,,,,,,,,
Parotomys_littledalei,Terrestrial,115.995,261,153,108,27,0.413793103,0.705882353,Kingdon et al 2013,,,,,,,,,,,
Paruromys_dominator,General,304.605,486.5,223.5,263,51.9,0.540596095,1.176733781,Nowak 1991,,,,,,,,,,,
Paucidentomys_vermidax,Terrestrial,103.5,362.5,163.5,199,37.5,0.548965517,1.217125382,Esselstyn et al 2012,,,,,,,,,,,
Pelomys_campanae,Terrestrial,77,289,144,145,32,0.501730104,1.006944444,Kingdon et al 2013,,,,,,,,,,,
Pelomys_fallax,Terrestrial,112.73,280,147,133,32,0.475,0.904761905,"Kingdon et al 2013, Nowak 1991",,,,,,,,,,,
Phloeomys_cumingi,Arboreal,1896.23,711.5,417.5,294,79.5,0.413211525,0.704191617,"Heany et al 2016, Nowak 1991",,,,,,,,,,,
Phloeomys_pallidus,Arboreal,2097.07,738.5,404,334.5,85,0.452945159,0.827970297,"Heany et al 2016, Nowak 1991",,,,,,,,,,,
Pithecheir_melanurus,Arboreal,108,369,167.5,201.5,30,0.546070461,1.202985075,"Nowak 1991, Wilman et al 2014",,,,,,,,,,,
Pithecheir_parvus,Arboreal,106,357,164,193,28,0.540616246,1.176829268,"Nowak 1991,  Francis & Barrett 2008,  Pimsai et al 2014, Wilman et al 2014",,,,,,,,,,,
Pogonomelomys_mayeri,Arboreal,110.835,336,147,189,29.3,0.5625,1.285714286,Flannery 1995a,,,,,,,,,,,
Pogonomys_loriae,General,94.745,370.3,151,219.3,26.6,0.592222522,1.452317881,"Flannery 1995a, 1995b",,,,,,,,,,,
Pogonomys_macrourus,General,47.19,277.5,120.5,157,20.9,0.565765766,1.302904564,"Flannery 1995a, 1995b",,,,,,,,,,,
Pogonomys_sylvestris,General,44.185,280,122,158,21.7,0.564285714,1.295081967,Flannery 1995a,,,,,,,,,,,
Praomys_daltoni,General,34.445,224.6,108.8,115.8,20,0.515583259,1.064338235,"Kingdon et al 2013, Happold 1987",,,,,,,,,,,
Praomys_degraaffi,Terrestrial,39.1,246,110.4,135.6,25.8,0.551219512,1.22826087,Kingdon et al 2013,,,,,,,,,,,
Praomys_delectorum,General,32.345,224.3,100.1,124.2,23.8,0.553722693,1.240759241,Kingdon et al 2013,,,,,,,,,,,
Praomys_derooi,Terrestrial,32,212.8,97.1,115.7,21.4,0.543703008,1.191555098,Kingdon et al 2013,,,,,,,,,,,
Praomys_hartwigi,General,48.03,287.1,125,162.1,26.5,0.564611634,1.2968,Kingdon et al 2013,,,,,,,,,,,
Praomys_jacksoni,General,39.905,262.5,120,142.5,22.3,0.542857143,1.1875,"Kingdon et al 2013, Lunde & Sarmiento 2002",,,,,,,,,,,
Praomys_lukolelae,Terrestrial,41.65,265,123.8,141.2,30.2,0.532830189,1.140549273,Kingdon et al 2013,,,,,,,,,,,
Praomys_minor,General,41.84,231,102,129,21.7,0.558441558,1.264705882,"Kingdon et al 2013, Wilman et al 2014",,,,,,,,,,,
Praomys_misonnei,General,40,250,114,136,22.8,0.544,1.192982456,Kingdon et al 2013,,,,,,,,,,,
Praomys_morio,General,42.365,243.4,113.5,129.9,23.5,0.5336894,1.144493392,Kingdon et al 2013,,,,,,,,,,,
Praomys_mutoni,General,45,260,114,146,22,0.561538462,1.280701754,Kingdon et al 2013,,,,,,,,,,,
Praomys_obscurus,Terrestrial,47.2,282,121,161,27.1,0.570921986,1.330578512,Kingdon et al 2013,,,,,,,,,,,
Praomys_petteri,General,49,259,119,140,26,0.540540541,1.176470588,Kingdon et al 2013,,,,,,,,,,,
Praomys_rostratus,General,50,252,114,138,26.5,0.547619048,1.210526316,Kingdon et al 2013,,,,,,,,,,,
Praomys_tullbergi,General,35.35,241,109,132,25,0.547717842,1.211009174,Kingdon et al 2013,,,,,,,,,,,
Praomys_verschureni,General,50.8,264.3,121.3,143,30.1,0.541051835,1.178895301,Kingdon et al 2013,,,,,,,,,,,
Pseudohydromys_ellermani,Terrestrial,21.95,198,97,101,20.9,0.51010101,1.041237113,"Flannery 1995a, Helgen & Helgen 2009",,,,,,,,,,,
Pseudomys_albocinereus,Terrestrial,32.75,215,105,110,25,0.511627907,1.047619048,"Nowak 1991, Van Dyck & Strahan 2008 / Watts & Aslin 1981",,,,,,,,,,,
Pseudomys_apodemoides,Terrestrial,17,200,90,110,23,0.55,1.222222222,"Strahan 1983, Cockburn 1981, Van Dyck & Strahan 2008",,,,,,,,,,,
Pseudomys_australis,Terrestrial,75,260,140,120,30,0.461538462,0.857142857,"Strahan 1983, Nowak 1991,  Van Dyck and Strahan 2008, Watts & Aslin 1981",,,,,,,,,,,
Pseudomys_bolami,Terrestrial,15.75,183,80,103,,0.56284153,1.2875,"Nowak 1991, Van Dyck and Strahan 2008",,,,,,,,,,,
Pseudomys_calabyi,Terrestrial,16.7,162.8,84.4,78.4,18,0.481572482,0.928909953,"Ford and Johnson 2007, Van Dyck and Strahan 2008",,,,,,,,,,,
Pseudomys_chapmani,Terrestrial,11.475,122.8,59.2,63.6,15,0.517915309,1.074324324,"Strahan 1983, Ford and Johnson 2007, Van Dyck and Strahan 2008",,,,,,,,,,,
Pseudomys_delicatulus,Terrestrial,11.78,155,75,80,18,0.516129032,1.066666667,"Flannery 1995a, Strahan 1983, Van Dyck and Strahan 2008, Watts & Aslin 1981",,,,,,,,,,,
Pseudomys_desertor,Terrestrial,30,190,100,90,22,0.473684211,0.9,"Strahan 1983, Van Dyck and Strahan 2008, Watts & Aslin 1981",,,,,,,,,,,
Pseudomys_fieldi,Terrestrial,43.675,230,110,120,27,0.52173913,1.090909091,"Strahan 1983, Van Dyck and Strahan 2008, Watts & Aslin 1981",,,,,,,,,,,
Pseudomys_fumeus,Terrestrial,80,270,120,150,29,0.555555556,1.25,"Strahan 1983, Van Dyck and Strahan 2008",,,,,,,,,,,
Pseudomys_gracilicaudatus,Terrestrial,90,240,130,110,28,0.458333333,0.846153846,"Strahan 1983, Van Dyck and Strahan 2008, Nowak 1991, Watts & Aslin 1981",,,,,,,,,,,
Pseudomys_hermannsburgensis,Terrestrial,13.94,155,75,80,19,0.516129032,1.066666667,"Strahan 1983, Van Dyck and Strahan 2008, Watts & Aslin 1981",,,,,,,,,,,
Pseudomys_higginsi,Terrestrial,65.08,295,133,162,35,0.549152542,1.218045113,"Strahan 1983, Van Dyck and Strahan 2008, Nowak 1991, Watts & Aslin 1981",,,,,,,,,,,
Pseudomys_johnsoni,Terrestrial,16,171,76,95,17.4,0.555555556,1.25,"Nowak 1991, Ford and Johnson 2007, Van Dyck and Strahan 2008",,,,,,,,,,,
Pseudomys_nanus,Terrestrial,52.19,207,107,100,25,0.483091787,0.934579439,"Strahan 1983, Van Dyck and Strahan 2008, Nowak 1991",,,,,,,,,,,
Pseudomys_novaehollandiae,Terrestrial,19.9,195,90,105,22,0.538461538,1.166666667,"Strahan 1983, Van Dyck and Strahan 2008, Nowak 1991, Watts & Aslin 1981",,,,,,,,,,,
Pseudomys_occidentalis,Terrestrial,45,218,89,129,27,0.591743119,1.449438202,"Strahan 1983, Van Dyck and Strahan 2008",,,,,,,,,,,
Pseudomys_oralis,Terrestrial,95,270,140,130,34,0.481481481,0.928571429,"Strahan 1983, Van Dyck and Strahan 2008, Nowak 1991, Watts & Aslin 1981",,,,,,,,,,,
Pseudomys_patrius,Terrestrial,14,135,63,72,,0.533333333,1.142857143,"Ford and Johnson 2007, Van Dyck and Strahan 2008",,,,,,,,,,,
Pseudomys_shortridgei,Terrestrial,65,245,140,105,28,0.428571429,0.75,"Strahan 1983, Van Dyck and Strahan 2008, Nowak 1991, Watts & Aslin 1981",,,,,,,,,,,
Rattus_andamanensis,Arboreal,169,450,208,242,40,0.537777778,1.163461538,"Lekagul and McNeely 1979, Smith and Xie 2013, Pimsai et al 2014",,,,,,,,,,,
Rattus_argentiventer,General,156.1233333,375,194.5,180.5,37.5,0.481333333,0.928020566,"Heany et al 2016, Lekagul and McNeely 1979, Nowak 1991, Francis & Barrett 2008,  Pimsai et al 2014, Aplin et al 2003, IUCN 2017",,,,,,,,,,,
Rattus_baluensis,Terrestrial,107.5,358.5,170.2,188.3,32.4,0.525244073,1.106345476,Nowak 1991,,,,,,,,,,,
Rattus_colletti,Terrestrial,146.48,286.5,161.38,125.12,30.11,0.436719023,0.775312926,"Strahan 1983,  Rowe et al 2011, IUCN 2017",,,,,,,,,,,
Rattus_everetti,General,304.265,434.5,222,212.5,46,0.489067894,0.957207207,Heany et al 2016,,,,,,,,,,,
Rattus_exulans,General,62.915,286.7,135.8,150.9,26.1,0.526334147,1.111192931,"Heany et al 2016, Lekagul and McNeely 1979, Taylor et al 1982, IUCN 2017",,,,,,,,,,,
Rattus_facetus,Terrestrial,175,450,200,250,44,0.555555556,1.25,"AMNH specimens, Wilman et al 2014",,,,,,,,,,,
Rattus_fuscipes,General,100.29,301.03,155.33,145.7,32.37,0.484004916,0.938002961,"Strahan 1983, Rader and Krockenberger 2006, Rowe et al 2011, IUCN 2017",,,,,,,,,,,
Rattus_giluwensis,Terrestrial,75,305,170.8,134.2,30,0.44,0.785714286,Flannery 1995a,,,,,,,,,,,
Rattus_hoffmanni,General,147,339.6,170.1,169.5,38.2,0.499116608,0.996472663,"Nowak 1991, Musser 1982b / Musser & Holden 1991, Wilman et al 2014",,,,,,,,,,,
Rattus_leucopus,Terrestrial,205.845,377.6,201.3,176.3,38.8,0.466896186,0.875807253,"Flannery 1995a, 1995b,  Strahan 1983, Nowak 1991, Rader and Krockenberger 2006",,,,,,,,,,,
Rattus_losea,General,90.815,279,146,133,30,0.476702509,0.910958904,"Lekagul and McNeely 1979, Nowak 1991, Smith and Xie 2013",,,,,,,,,,,
Rattus_lutreolus,Terrestrial,107.5,271.95,158.45,113.5,30,0.417356132,0.716314295,"Strahan 1983, Nowak 1991, Rowe et al 2011",,,,,,,,,,,
Rattus_macleari,Arboreal,149.96,489,234,255,51.9,0.521472393,1.08974359,"Nowak 1979, Musser & Newcomb 1983, Andrews 1900, IUCN 2017, Wilman et al 2014",,,,,,,,,,,
Rattus_morotaiensis,Arboreal,151.125,406.5,194.5,212,37.6,0.521525215,1.089974293,"Flannery 1995b, Nowak 1991",,,,,,,,,,,
Rattus_niobe,Terrestrial,47.485,248,121,127,27.2,0.512096774,1.049586777,Flannery 1995a,,,,,,,,,,,
Rattus_nitidus,General,114.51,348,171,177,37.5,0.50862069,1.035087719,"Heany et al 2016, Lekagul and McNeely 1979, Smith and Xie 2013, Molur et al 2005, IUCN 2017",,,,,,,,,,,
Rattus_norvegicus,General,335.7133333,390.5,213.5,177,39,0.453265045,0.829039813,"Kingdon et al 2013, Strahan 1983, Heany et al 2016, Lekagul and McNeely 1979, Nowak 1991, Singleton et al 2003, IUCN 2017",,,,,,,,,,,
Rattus_novaeguineae,General,133.85,334.8,172.8,162,30.8,0.483870968,0.9375,"Flannery 1995a, Nowak 1991",,,,,,,,,,,
Rattus_praetor,Terrestrial,196.565,363,196.7,166.3,35.5,0.458126722,0.845449924,"Flannery 1995a, 1995b",,,,,,,,,,,
Rattus_pyctoris,Terrestrial,149.96,NA,NA,NA,NA,,,"Smith and Xie 2013, Molur et al 2005, Wilman et al 2014",,,,,,,,,,,
Rattus_rattus,General,146.6933333,377.4,180.8,196.6,36.1,0.520932697,1.087389381,"Kingdon et al 2013, Strahan 1983,  Lekagul and McNeely 1979, / Nowak 1991, IUCN 2017",,,,,,,,,,,
Rattus_satarae,Arboreal,130,389,151,238,32.5,0.611825193,1.57615894,IUCN 2017 ,,,,,,,,,,,
Rattus_sordidus,Terrestrial,164.9,297,169,128,30.6,0.430976431,0.75739645,"Flannery 1995a, 1995b, Strahan 1983",,,,,,,,,,,
Rattus_steini,General,153.085,318,174,144,35.4,0.452830189,0.827586207,"Flannery 1995a, Nowak 1991",,,,,,,,,,,
Rattus_tanezumi,General,152.28,397.5,202.5,195,38,0.490566038,0.962962963,"Heany et al 2016, Smith and Xie 2013",,,,,,,,,,,
Rattus_timorensis,Terrestrial,160.32,NA,NA,NA,NA,,,"Kitchner et al 1991, Wilman et al 2014",,,,,,,,,,,
Rattus_tiomanicus,General,121.23,334.4,161.3,173.1,31.5,0.517643541,1.073155611,"Nowak 1991, Francis & Barrett 2008, IUCN 2017",,,,,,,,,,,
Rattus_tunneyi,Terrestrial,169.29,270,146,124,29.5,0.459259259,0.849315068,"Strahan 1983, Rowe et al 2011, Van Dyck and R. Strahan 2008",,,,,,,,,,,
Rattus_verecundus,Terrestrial,90.51,318.4,157.7,160.7,32.8,0.504711055,1.019023462,Flannery 1995a,,,,,,,,,,,
Rattus_villosissimus,Terrestrial,207.03,303.5,158,145.5,32,0.479406919,0.920886076,"Strahan 1983, IUCN 2017",,,,,,,,,,,
Rattus_xanthurus,Terrestrial,303,559,247.3,311.7,46.7,0.557602862,1.260412455,"Nowak 1991, Musser & Newcomb 1983, Musser 1991",,,,,,,,,,,
Rhabdomys_pumilio,General,39.97666667,231,115.8,115.2,24,0.498701299,0.994818653,Kingdon et al 2013,,,,,,,,,,,
Rhynchomys_banahao,Terrestrial,145,312.5,184.5,128,39.5,0.4096,0.693766938,Heany et al 2016,,,,,,,,,,,
Rhynchomys_isarogensis,Terrestrial,122.395,287.5,187,105,37,0.365217391,0.561497326,Heany et al 2016,,,,,,,,,,,
Rhynchomys_soricoides,Terrestrial,179,330.5,183.5,147,40.5,0.444780635,0.801089918,Heany et al 2016,,,,,,,,,,,
Rhynchomys_tapulao,Terrestrial,142.5,299,175,124,39,0.414715719,0.708571429,Heany et al 2016,,,,,,,,,,,
Saxatilomys_paulinae,Terrestrial,116,318,150,168,32,0.528301887,1.12,"Francis & Barrett 2008, Musser et al 2005, Nguyen et al 2015",,,,,,,,,,,
Solomys_salebrosus,Arboreal,397,520.5,276.5,244,48.6,0.468780019,0.882459313,Flannery 1995b,,,,,,,,,,,
Sommeromys_macrorhinos,Arboreal,26.83,282.5,100,182.5,30,0.646017699,1.825,"Musser & Durden 2002, Rowe et al 2014",,,,,,,,,,,
Soricomys_kalinga,General,25,195,102,93,24,0.476923077,0.911764706,Heany et al 2016,,,,,,,,,,,
Soricomys_leonardcoi,Terrestrial,31,194,105.5,88.5,23,0.456185567,0.838862559,Heany et al 2016,,,,,,,,,,,
Soricomys_montanus,Terrestrial,27,190.5,98,92.5,24,0.485564304,0.943877551,Heany et al 2016,,,,,,,,,,,
Soricomys_musseri,Terrestrial,31,189,98.5,90.5,22,0.478835979,0.918781726,Heany et al 2016,,,,,,,,,,,
Srilankamys_ohiensis,Terrestrial,79.25,NA,NA,NA,NA,,,"Nowak 1991, Wilman et al 2014",,,,,,,,,,,
Stenocephalemys_albipes,General,49.8,252,115,137,27,0.543650794,1.191304348,Kingdon et al 2013,,,,,,,,,,,
Stenocephalemys_albocaudata,Terrestrial,137,305,164,141,32,0.462295082,0.859756098,"Kingdon et al 2013, Nowak 1991",,,,,,,,,,,
Stenocephalemys_griseicauda,Terrestrial,92.375,296,154,142,30,0.47972973,0.922077922,Kingdon et al 2013,,,,,,,,,,,
Stochomys_longicaudatus,General,73.475,356.6,145.1,211.5,29.3,0.593101514,1.457615438,"Kingdon et al 2013, Nowak 1991",,,,,,,,,,,
Sundamys_annandalei,General,197.49,397.5,182.5,215,37.5,0.540880503,1.178082192,"Nowak 1991, Francis & Barrett 2008, Pimsai et al 2014",,,,,,,,,,,
Sundamys_infraluteus,Terrestrial,418.5,574,260,314,58,0.547038328,1.207692308,"Nowak 1991, Musser & Newcomb 1983",,,,,,,,,,,
Sundamys_maxi,General,361,528.2,241.5,286.7,53.1,0.542786823,1.187163561,"Nowak 1991, Musser & Newcomb 1983, Wilman et al 2014",,,,,,,,,,,
Sundamys_muelleri,General,300.44,547.5,243.8,303.7,47,0.554703196,1.245693191,"Nowak 1991, Francis & Barrett 2008, Musser and Newcomb 1983, IUCN 2017",,,,,,,,,,,
Taeromys_celebensis,General,252.7,498.6,224,274.6,50.1,0.550742078,1.225892857,"Musser & Newcomb 1983, Musser, 2014",,,,,,,,,,,
Taeromys_punicans,Terrestrial,138,NA,NA,NA,NA,,,Wilman et al 2014,,,,,,,,,,,
Taeromys_taerae,Terrestrial,247,NA,NA,NA,NA,,,Wilman et al 2014,,,,,,,,,,,
Tarsomys_apoensis,Terrestrial,76.7,286.8,145.5,141.3,31.5,0.492677824,0.971134021,"Nowak 1991,  Musser and Heaney 1992, Heaney et al 2006",,,,,,,,,,,
Tateomys_macrocercus,Terrestrial,40,278,112,166,30.67,0.597122302,1.482142857,"Nowak 1991,  Rowe et al 2014",,,,,,,,,,,
Tateomys_rhinogradoides,Terrestrial,86.5,308.5,145.5,163,37.25,0.528363047,1.120274914,"Nowak 1991, Musser 1969, Rowe et al 2014",,,,,,,,,,,
Thallomys_loringi,General,80,303,144,159,27,0.524752475,1.104166667,Kingdon et al 2013,,,,,,,,,,,
Thallomys_nigricauda,Arboreal,99.145,281.8,135,146.8,24.7,0.520936835,1.087407407,Kingdon et al 2013,,,,,,,,,,,
Thallomys_paedulcus,Arboreal,75,306.5,140.3,166.2,25.3,0.542251223,1.184604419,Kingdon et al 2013,,,,,,,,,,,
Thamnomys_kempi,Arboreal,79.5,357,155,202,29.3,0.565826331,1.303225806,Kingdon et al 2013,,,,,,,,,,,
Tokudaia_muenninki,Terrestrial,177.4,148,43,105,37,0.709459459,2.441860465,"Endo and Tsuchiya 2006, Wilman et al 2014",,,,,,,,,,,
Tokudaia_osimensis,Terrestrial,101.225,265.3,151,114.3,30.7,0.430833019,0.756953642,Nowak 1991,,,,,,,,,,,
Tokudaia_tokunoshimensis,Terrestrial,180,150,32,118,35,0.786666667,3.6875,"Endo and Tsuchiya 2006, Wilman et al 2014",,,,,,,,,,,
Tonkinomys_daovantieni,General,172.5,370,200,170,39,0.459459459,0.85,"Francis & Barrett 2008, / Musser & Lunde 2006",,,,,,,,,,,
Uromys_caudimaculatus,General,633.36,571.7,267.7,304,54.8,0.53174742,1.135599552,"Flannery 1995a, 1995b,  Strahan 1983, Rader and Krockenberger 2006, IUCN 2017",,,,,,,,,,,
Vandeleuria_oleracea,Arboreal,13.3,186.3,75,111.3,17.8,0.59742351,1.484,"Lekagul and McNeely 1979, Francis & Barrett 2008, Molur et al 2005",,,,,,,,,,,
Waiomys_mamasae,Amphibious,64,288,129,159,36,0.552083333,1.23255814,Rowe et al 2014,,,,,,,,,,,
Xenuromys_barbatus,Terrestrial,987.65,578,316,262,62.9,0.453287197,0.829113924,Flannery 1995a,,,,,,,,,,,
Xeromys_myoides,Terrestrial,45.45,217.3,117.3,100,25,0.460193281,0.852514919,"Strahan 1983, Nowak 1991, IUCN 2017, Watts & Aslin 1981",,,,,,,,,,,
Zelotomys_hildegardeae,Terrestrial,57.61,210.4,110,100.4,22.3,0.477186312,0.912727273,Kingdon et al 2013,,,,,,,,,,,
Zyzomys_argurus,Terrestrial,60,245,120,125,25,0.510204082,1.041666667,"Strahan 1983, Nowak 1991, IUCN 2017, Watts & Aslin 1981",,,,,,,,,,,
Zyzomys_maini,Terrestrial,93.995,296,150,146,,0.493243243,0.973333333,"Van Dyck and Strahan 2008,  Watts & Aslin 1981",,,,,,,,,,,
Zyzomys_palatalis,Terrestrial,115,257,126,131,,0.509727626,1.03968254,"Van Dyck and Strahan 2008,  IUCN 2017",,,,,,,,,,,
Zyzomys_woodwardi,Terrestrial,135,265,150,117,30,0.441509434,0.78,"Strahan 1983, Van Dyck and Strahan 2008, IUCN 2017",,,,,,,,,,,
,,,,,,,,,,,,,,,,,,,,
,,,,,,,,,,,,,,,,,,,,
,,,,,,,,,,,,,,,,,,,,
,,,,,,,,,,,,,,,,,,,,
,,,,,,,,,,,,,,,,,,,,
,,,,,,,,,,,,,,,,,,,,
,,,,,,,,,,,,,,,,,,,,
,,,,,,,,,,,,,,,,,,,,
,,,,,,,,,,,,,,,,,,,,
,,,,,,,,,,,,,,,,,,,,
,,,,,,,,,,,,,,,,,,,,
,,,,,,,,,,,,,,,,,,,,
,,,,,,,,,,,,,,,,,,,,
,,,,,,,,,,,,,,,,,,,,
,,,,,,,,,,,,,,,,,,,,
,,,,,,,,,,,,,,,,,,,,
,,,,,,,,,,,,,,,,,,,,
,,,,,,,,,,,,,,,,,,,,
,,,,,,,,,,,,,,,,,,,,
,,,,,,,,,,,,,,,,,,,,
,,,,,,,,,,,,,,,,,,,,
,,,,,,,,,,,,,,,,,,,,
,,,,,,,,,,,,,,,,,,,,
,,,,,,,,,,,,,,,,,,,,
,,,,,,,,,,,,,,,,,,,,
,,,,,,,,,,,,,,,,,,,,
,,,,,,,,,,,,,,,,,,,,
,,,,,,,,,,,,,,,,,,,,
,,,,,,,,,,,,,,,,,,,,
,,,,,,,,,,,,,,,,,,,,
,,,,,,,,,,,,,,,,,,,,
,,,,,,,,,,,,,,,,,,,,
,,,,,,,,,,,,,,,,,,,,
,,,,,,,,,,,,,,,,,,,,
,,,,,,,,,,,,,,,,,,,,
,,,,,,,,,,,,,,,,,,,,
,,,,,,,,,,,,,,,,,,,,
,,,,,,,,,,,,,,,,,,,,
,,,,,,,,,,,,,,,,,,,,
,,,,,,,,,,,,,,,,,,,,
,,,,,,,,,,,,,,,,,,,,
,,,,,,,,,,,,,,,,,,,,
,,,,,,,,,,,,,,,,,,,,
,,,,,,,,,,,,,,,,,,,,
,,,,,,,,,,,,,,,,,,,,
,,,,,,,,,,,,,,,,,,,,
,,,,,,,,,,,,,,,,,,,,
,,,,,,,,,,,,,,,,,,,,
,,,,,,,,,,,,,,,,,,,,
,,,,,,,,,,,,,,,,,,,,
,,,,,,,,,,,,,,,,,,,,
,,,,,,,,,,,,,,,,,,,,
,,,,,,,,,,,,,,,,,,,,
,,,,,,,,,,,,,,,,,,,,
,,,,,,,,,,,,,,,,,,,,
,,,,,,,,,,,,,,,,,,,,
,,,,,,,,,,,,,,,,,,,,
,,,,,,,,,,,,,,,,,,,,
,,,,,,,,,,,,,,,,,,,,
,,,,,,,,,,,,,,,,,,,,
,,,,,,,,,,,,,,,,,,,,
,,,,,,,,,,,,,,,,,,,,
,,,,,,,,,,,,,,,,,,,,
,,,,,,,,,,,,,,,,,,,,
,,,,,,,,,,,,,,,,,,,,
,,,,,,,,,,,,,,,,,,,,
,,,,,,,,,,,,,,,,,,,,
,,,,,,,,,,,,,,,,,,,,
,,,,,,,,,,,,,,,,,,,,
,,,,,,,,,,,,,,,,,,,,
,,,,,,,,,,,,,,,,,,,,
,,,,,,,,,,,,,,,,,,,,
,,,,,,,,,,,,,,,,,,,,
,,,,,,,,,,,,,,,,,,,,
,,,,,,,,,,,,,,,,,,,,
,,,,,,,,,,,,,,,,,,,,
,,,,,,,,,,,,,,,,,,,,
,,,,,,,,,,,,,,,,,,,,
,,,,,,,,,,,,,,,,,,,,
,,,,,,,,,,,,,,,,,,,,
,,,,,,,,,,,,,,,,,,,,
,,,,,,,,,,,,,,,,,,,,
,,,,,,,,,,,,,,,,,,,,
,,,,,,,,,,,,,,,,,,,,
,,,,,,,,,,,,,,,,,,,,
,,,,,,,,,,,,,,,,,,,,
,,,,,,,,,,,,,,,,,,,,
,,,,,,,,,,,,,,,,,,,,
,,,,,,,,,,,,,,,,,,,,
,,,,,,,,,,,,,,,,,,,,
,,,,,,,,,,,,,,,,,,,,
,,,,,,,,,,,,,,,,,,,,
,,,,,,,,,,,,,,,,,,,,
,,,,,,,,,,,,,,,,,,,,
,,,,,,,,,,,,,,,,,,,,
,,,,,,,,,,,,,,,,,,,,
,,,,,,,,,,,,,,,,,,,,
,,,,,,,,,,,,,,,,,,,,
,,,,,,,,,,,,,,,,,,,,
,,,,,,,,,,,,,,,,,,,,
,,,,,,,,,,,,,,,,,,,,
,,,,,,,,,,,,,,,,,,,,
,,,,,,,,,,,,,,,,,,,,
,,,,,,,,,,,,,,,,,,,,
,,,,,,,,,,,,,,,,,,,,
,,,,,,,,,,,,,,,,,,,,
,,,,,,,,,,,,,,,,,,,,
,,,,,,,,,,,,,,,,,,,,
,,,,,,,,,,,,,,,,,,,,
,,,,,,,,,,,,,,,,,,,,
,,,,,,,,,,,,,,,,,,,,
,,,,,,,,,,,,,,,,,,,,
,,,,,,,,,,,,,,,,,,,,
,,,,,,,,,,,,,,,,,,,,
,,,,,,,,,,,,,,,,,,,,
,,,,,,,,,,,,,,,,,,,,
,,,,,,,,,,,,,,,,,,,,
,,,,,,,,,,,,,,,,,,,,
,,,,,,,,,,,,,,,,,,,,
,,,,,,,,,,,,,,,,,,,,
,,,,,,,,,,,,,,,,,,,,
,,,,,,,,,,,,,,,,,,,,
,,,,,,,,,,,,,,,,,,,,
,,,,,,,,,,,,,,,,,,,,
,,,,,,,,,,,,,,,,,,,,
,,,,,,,,,,,,,,,,,,,,
,,,,,,,,,,,,,,,,,,,,
,,,,,,,,,,,,,,,,,,,,
,,,,,,,,,,,,,,,,,,,,
,,,,,,,,,,,,,,,,,,,,
,,,,,,,,,,,,,,,,,,,,
,,,,,,,,,,,,,,,,,,,,
,,,,,,,,,,,,,,,,,,,,
,,,,,,,,,,,,,,,,,,,,
,,,,,,,,,,,,,,,,,,,,
,,,,,,,,,,,,,,,,,,,,
,,,,,,,,,,,,,,,,,,,,
,,,,,,,,,,,,,,,,,,,,
,,,,,,,,,,,,,,,,,,,,
,,,,,,,,,,,,,,,,,,,,
,,,,,,,,,,,,,,,,,,,,
,,,,,,,,,,,,,,,,,,,,
,,,,,,,,,,,,,,,,,,,,
,,,,,,,,,,,,,,,,,,,,
,,,,,,,,,,,,,,,,,,,,
,,,,,,,,,,,,,,,,,,,,
,,,,,,,,,,,,,,,,,,,,
,,,,,,,,,,,,,,,,,,,,
,,,,,,,,,,,,,,,,,,,,
,,,,,,,,,,,,,,,,,,,,
,,,,,,,,,,,,,,,,,,,,
,,,,,,,,,,,,,,,,,,,,
,,,,,,,,,,,,,,,,,,,,
,,,,,,,,,,,,,,,,,,,,
,,,,,,,,,,,,,,,,,,,,
,,,,,,,,,,,,,,,,,,,,
,,,,,,,,,,,,,,,,,,,,
,,,,,,,,,,,,,,,,,,,,
,,,,,,,,,,,,,,,,,,,,
,,,,,,,,,,,,,,,,,,,,
,,,,,,,,,,,,,,,,,,,,
,,,,,,,,,,,,,,,,,,,,
,,,,,,,,,,,,,,,,,,,,
,,,,,,,,,,,,,,,,,,,,
,,,,,,,,,,,,,,,,,,,,
,,,,,,,,,,,,,,,,,,,,
,,,,,,,,,,,,,,,,,,,,
,,,,,,,,,,,,,,,,,,,,
,,,,,,,,,,,,,,,,,,,,
,,,,,,,,,,,,,,,,,,,,
,,,,,,,,,,,,,,,,,,,,
,,,,,,,,,,,,,,,,,,,,
,,,,,,,,,,,,,,,,,,,,
,,,,,,,,,,,,,,,,,,,,
,,,,,,,,,,,,,,,,,,,,
,,,,,,,,,,,,,,,,,,,,
,,,,,,,,,,,,,,,,,,,,
,,,,,,,,,,,,,,,,,,,,
,,,,,,,,,,,,,,,,,,,,
,,,,,,,,,,,,,,,,,,,,
,,,,,,,,,,,,,,,,,,,,
,,,,,,,,,,,,,,,,,,,,
,,,,,,,,,,,,,,,,,,,,
,,,,,,,,,,,,,,,,,,,,
,,,,,,,,,,,,,,,,,,,,
,,,,,,,,,,,,,,,,,,,,
,,,,,,,,,,,,,,,,,,,,
,,,,,,,,,,,,,,,,,,,,
,,,,,,,,,,,,,,,,,,,,
,,,,,,,,,,,,,,,,,,,,
,,,,,,,,,,,,,,,,,,,,
,,,,,,,,,,,,,,,,,,,,
,,,,,,,,,,,,,,,,,,,,
,,,,,,,,,,,,,,,,,,,,
,,,,,,,,,,,,,,,,,,,,
,,,,,,,,,,,,,,,,,,,,
,,,,,,,,,,,,,,,,,,,,
,,,,,,,,,,,,,,,,,,,,
,,,,,,,,,,,,,,,,,,,,
,,,,,,,,,,,,,,,,,,,,
,,,,,,,,,,,,,,,,,,,,
,,,,,,,,,,,,,,,,,,,,
,,,,,,,,,,,,,,,,,,,,
,,,,,,,,,,,,,,,,,,,,
,,,,,,,,,,,,,,,,,,,,
,,,,,,,,,,,,,,,,,,,,
,,,,,,,,,,,,,,,,,,,,
,,,,,,,,,,,,,,,,,,,,
,,,,,,,,,,,,,,,,,,,,
,,,,,,,,,,,,,,,,,,,,
,,,,,,,,,,,,,,,,,,,,
,,,,,,,,,,,,,,,,,,,,
,,,,,,,,,,,,,,,,,,,,
,,,,,,,,,,,,,,,,,,,,
,,,,,,,,,,,,,,,,,,,,
,,,,,,,,,,,,,,,,,,,,
,,,,,,,,,,,,,,,,,,,,
,,,,,,,,,,,,,,,,,,,,
,,,,,,,,,,,,,,,,,,,,
,,,,,,,,,,,,,,,,,,,,
,,,,,,,,,,,,,,,,,,,,
,,,,,,,,,,,,,,,,,,,,
,,,,,,,,,,,,,,,,,,,,
,,,,,,,,,,,,,,,,,,,,
,,,,,,,,,,,,,,,,,,,,
,,,,,,,,,,,,,,,,,,,,
,,,,,,,,,,,,,,,,,,,,
,,,,,,,,,,,,,,,,,,,,
,,,,,,,,,,,,,,,,,,,,
,,,,,,,,,,,,,,,,,,,,
,,,,,,,,,,,,,,,,,,,,
,,,,,,,,,,,,,,,,,,,,
,,,,,,,,,,,,,,,,,,,,
,,,,,,,,,,,,,,,,,,,,
,,,,,,,,,,,,,,,,,,,,
,,,,,,,,,,,,,,,,,,,,
,,,,,,,,,,,,,,,,,,,,
,,,,,,,,,,,,,,,,,,,,
,,,,,,,,,,,,,,,,,,,,
,,,,,,,,,,,,,,,,,,,,
,,,,,,,,,,,,,,,,,,,,
,,,,,,,,,,,,,,,,,,,,
,,,,,,,,,,,,,,,,,,,,
,,,,,,,,,,,,,,,,,,,,
,,,,,,,,,,,,,,,,,,,,
,,,,,,,,,,,,,,,,,,,,
,,,,,,,,,,,,,,,,,,,,
,,,,,,,,,,,,,,,,,,,,
,,,,,,,,,,,,,,,,,,,,
,,,,,,,,,,,,,,,,,,,,
,,,,,,,,,,,,,,,,,,,,
,,,,,,,,,,,,,,,,,,,,
,,,,,,,,,,,,,,,,,,,,
,,,,,,,,,,,,,,,,,,,,
,,,,,,,,,,,,,,,,,,,,
,,,,,,,,,,,,,,,,,,,,
,,,,,,,,,,,,,,,,,,,,
,,,,,,,,,,,,,,,,,,,,
,,,,,,,,,,,,,,,,,,,,
,,,,,,,,,,,,,,,,,,,,
,,,,,,,,,,,,,,,,,,,,
,,,,,,,,,,,,,,,,,,,,
,,,,,,,,,,,,,,,,,,,,
,,,,,,,,,,,,,,,,,,,,
,,,,,,,,,,,,,,,,,,,,
,,,,,,,,,,,,,,,,,,,,
,,,,,,,,,,,,,,,,,,,,
,,,,,,,,,,,,,,,,,,,,
,,,,,,,,,,,,,,,,,,,,
,,,,,,,,,,,,,,,,,,,,
,,,,,,,,,,,,,,,,,,,,
,,,,,,,,,,,,,,,,,,,,
,,,,,,,,,,,,,,,,,,,,
,,,,,,,,,,,,,,,,,,,,
,,,,,,,,,,,,,,,,,,,,
,,,,,,,,,,,,,,,,,,,,
,,,,,,,,,,,,,,,,,,,,
,,,,,,,,,,,,,,,,,,,,
,,,,,,,,,,,,,,,,,,,,
,,,,,,,,,,,,,,,,,,,,
,,,,,,,,,,,,,,,,,,,,
,,,,,,,,,,,,,,,,,,,,
,,,,,,,,,,,,,,,,,,,,
,,,,,,,,,,,,,,,,,,,,
,,,,,,,,,,,,,,,,,,,,
,,,,,,,,,,,,,,,,,,,,
,,,,,,,,,,,,,,,,,,,,
,,,,,,,,,,,,,,,,,,,,
,,,,,,,,,,,,,,,,,,,,
,,,,,,,,,,,,,,,,,,,,
,,,,,,,,,,,,,,,,,,,,
,,,,,,,,,,,,,,,,,,,,
,,,,,,,,,,,,,,,,,,,,
,,,,,,,,,,,,,,,,,,,,
,,,,,,,,,,,,,,,,,,,,
,,,,,,,,,,,,,,,,,,,,
,,,,,,,,,,,,,,,,,,,,
,,,,,,,,,,,,,,,,,,,,
,,,,,,,,,,,,,,,,,,,,
,,,,,,,,,,,,,,,,,,,,
,,,,,,,,,,,,,,,,,,,,
,,,,,,,,,,,,,,,,,,,,
,,,,,,,,,,,,,,,,,,,,
,,,,,,,,,,,,,,,,,,,,
,,,,,,,,,,,,,,,,,,,,
,,,,,,,,,,,,,,,,,,,,
,,,,,,,,,,,,,,,,,,,,
,,,,,,,,,,,,,,,,,,,,
,,,,,,,,,,,,,,,,,,,,
,,,,,,,,,,,,,,,,,,,,
,,,,,,,,,,,,,,,,,,,,
,,,,,,,,,,,,,,,,,,,,
,,,,,,,,,,,,,,,,,,,,